tau,t,y,v
0.01,0,1,0
0.01,0.01,0.99995,-0.01
0.01,0.02,0.9998,-0.019999
0.01,0.03,0.99955,-0.029996
0.01,0.04,0.9992,-0.03999
0.01,0.05,0.99875,-0.04998
0.01,0.06,0.9982,-0.059965
0.01,0.07,0.997551,-0.069944
0.01,0.08,0.996802,-0.079916
0.01,0.09,0.995953,-0.08988
0.01,0.1,0.995004,-0.0998351
0.01,0.11,0.993956,-0.10978
0.01,0.12,0.992808,-0.119714
0.01,0.13,0.991562,-0.129636
0.01,0.14,0.990216,-0.139545
0.01,0.15,0.988771,-0.149441
0.01,0.16,0.987227,-0.159321
0.01,0.17,0.985584,-0.169185
0.01,0.18,0.983843,-0.179033
0.01,0.19,0.982004,-0.188862
0.01,0.2,0.980066,-0.198673
0.01,0.21,0.97803,-0.208463
0.01,0.22,0.975897,-0.218233
0.01,0.23,0.973666,-0.227981
0.01,0.24,0.971337,-0.237707
0.01,0.25,0.968911,-0.247408
0.01,0.26,0.966389,-0.257085
0.01,0.27,0.96377,-0.266736
0.01,0.28,0.961054,-0.27636
0.01,0.29,0.958243,-0.285957
0.01,0.3,0.955335,-0.295525
0.01,0.31,0.952332,-0.305064
0.01,0.32,0.949234,-0.314572
0.01,0.33,0.946041,-0.324048
0.01,0.34,0.942753,-0.333492
0.01,0.35,0.939371,-0.342903
0.01,0.36,0.935895,-0.35228
0.01,0.37,0.932325,-0.361621
0.01,0.38,0.928662,-0.370926
0.01,0.39,0.924907,-0.380194
0.01,0.4,0.921058,-0.389425
0.01,0.41,0.917118,-0.398616
0.01,0.42,0.913086,-0.407767
0.01,0.43,0.908963,-0.416877
0.01,0.44,0.904749,-0.425946
0.01,0.45,0.900444,-0.434972
0.01,0.46,0.896049,-0.443955
0.01,0.47,0.891565,-0.452893
0.01,0.48,0.886991,-0.461786
0.01,0.49,0.882329,-0.470633
0.01,0.5,0.877579,-0.479433
0.01,0.51,0.87274,-0.488185
0.01,0.52,0.867815,-0.496888
0.01,0.53,0.862803,-0.505541
0.01,0.54,0.857704,-0.514144
0.01,0.55,0.85252,-0.522695
0.01,0.56,0.84725,-0.531194
0.01,0.57,0.841896,-0.53964
0.01,0.58,0.836457,-0.548032
0.01,0.59,0.830935,-0.556369
0.01,0.6,0.82533,-0.564651
0.01,0.61,0.819642,-0.572876
0.01,0.62,0.813873,-0.581044
0.01,0.63,0.808021,-0.589153
0.01,0.64,0.802089,-0.597204
0.01,0.65,0.796077,-0.605195
0.01,0.66,0.789986,-0.613126
0.01,0.67,0.783815,-0.620995
0.01,0.68,0.777566,-0.628802
0.01,0.69,0.771239,-0.636546
0.01,0.7,0.764835,-0.644227
0.01,0.71,0.758354,-0.651843
0.01,0.72,0.751798,-0.659394
0.01,0.73,0.745166,-0.666879
0.01,0.74,0.73846,-0.674297
0.01,0.75,0.73168,-0.681648
0.01,0.76,0.724827,-0.688931
0.01,0.77,0.717902,-0.696145
0.01,0.78,0.710904,-0.703289
0.01,0.79,0.703836,-0.710363
0.01,0.8,0.696697,-0.717365
0.01,0.81,0.689489,-0.724297
0.01,0.82,0.682211,-0.731155
0.01,0.83,0.674866,-0.737941
0.01,0.84,0.667452,-0.744653
0.01,0.85,0.659973,-0.75129
0.01,0.86,0.652427,-0.757852
0.01,0.87,0.644816,-0.764338
0.01,0.88,0.63714,-0.770748
0.01,0.89,0.629401,-0.777081
0.01,0.9,0.621598,-0.783336
0.01,0.91,0.613734,-0.789513
0.01,0.92,0.605808,-0.795611
0.01,0.93,0.597822,-0.801629
0.01,0.94,0.589775,-0.807567
0.01,0.95,0.58167,-0.813425
0.01,0.96,0.573507,-0.819201
0.01,0.97,0.565286,-0.824895
0.01,0.98,0.557009,-0.830507
0.01,0.99,0.548676,-0.836035
0.01,1,0.540288,-0.84148
0.01,1.01,0.531847,-0.846841
0.01,1.02,0.523352,-0.852117
0.01,1.03,0.514804,-0.857308
0.01,1.04,0.506205,-0.862413
0.01,1.05,0.497556,-0.867432
0.01,1.06,0.488857,-0.872364
0.01,1.07,0.480109,-0.877209
0.01,1.08,0.471313,-0.881966
0.01,1.09,0.462469,-0.886635
0.01,1.1,0.45358,-0.891216
0.01,1.11,0.444645,-0.895707
0.01,1.12,0.435666,-0.900109
0.01,1.13,0.426643,-0.90442
0.01,1.14,0.417577,-0.908642
0.01,1.15,0.40847,-0.912772
0.01,1.16,0.399322,-0.916811
0.01,1.17,0.390134,-0.920758
0.01,1.18,0.380907,-0.924614
0.01,1.19,0.371642,-0.928376
0.01,1.2,0.362339,-0.932046
0.01,1.21,0.353001,-0.935623
0.01,1.22,0.343627,-0.939106
0.01,1.23,0.334218,-0.942496
0.01,1.24,0.324777,-0.945791
0.01,1.25,0.315303,-0.948991
0.01,1.26,0.305797,-0.952097
0.01,1.27,0.296261,-0.955107
0.01,1.28,0.286695,-0.958022
0.01,1.29,0.2771,-0.960841
0.01,1.3,0.267478,-0.963564
0.01,1.31,0.257829,-0.966191
0.01,1.32,0.248154,-0.968721
0.01,1.33,0.238455,-0.971154
0.01,1.34,0.228731,-0.97349
0.01,1.35,0.218985,-0.975728
0.01,1.36,0.209217,-0.97787
0.01,1.37,0.199427,-0.979913
0.01,1.38,0.189618,-0.981858
0.01,1.39,0.17979,-0.983705
0.01,1.4,0.169944,-0.985454
0.01,1.41,0.160081,-0.987104
0.01,1.42,0.150202,-0.988655
0.01,1.43,0.140308,-0.990108
0.01,1.44,0.1304,-0.991462
0.01,1.45,0.120479,-0.992716
0.01,1.46,0.110546,-0.993871
0.01,1.47,0.100601,-0.994927
0.01,1.48,0.0906471,-0.995883
0.01,1.49,0.0806837,-0.99674
0.01,1.5,0.0707123,-0.997497
0.01,1.51,0.0607338,-0.998154
0.01,1.52,0.0507492,-0.998712
0.01,1.53,0.0407595,-0.999169
0.01,1.54,0.0307658,-0.999527
0.01,1.55,0.020769,-0.999784
0.01,1.56,0.0107701,-0.999942
0.01,1.57,0.000770161,-1
0.01,1.58,-0.00922988,-0.999958
0.01,1.59,-0.019229,-0.999815
0.01,1.6,-0.0292262,-0.999573
0.01,1.61,-0.0392205,-0.999231
0.01,1.62,-0.0492108,-0.998789
0.01,1.63,-0.0591962,-0.998247
0.01,1.64,-0.0691757,-0.997605
0.01,1.65,-0.0791483,-0.996863
0.01,1.66,-0.089113,-0.996022
0.01,1.67,-0.0990688,-0.995081
0.01,1.68,-0.109015,-0.99404
0.01,1.69,-0.11895,-0.992901
0.01,1.7,-0.128873,-0.991661
0.01,1.71,-0.138783,-0.990323
0.01,1.72,-0.148679,-0.988886
0.01,1.73,-0.158561,-0.987349
0.01,1.74,-0.168426,-0.985715
0.01,1.75,-0.178275,-0.983981
0.01,1.76,-0.188106,-0.982149
0.01,1.77,-0.197918,-0.980219
0.01,1.78,-0.20771,-0.978191
0.01,1.79,-0.217482,-0.976065
0.01,1.8,-0.227231,-0.973841
0.01,1.81,-0.236958,-0.97152
0.01,1.82,-0.246662,-0.969102
0.01,1.83,-0.25634,-0.966587
0.01,1.84,-0.265993,-0.963975
0.01,1.85,-0.27562,-0.961267
0.01,1.86,-0.285219,-0.958463
0.01,1.87,-0.294789,-0.955563
0.01,1.88,-0.30433,-0.952567
0.01,1.89,-0.313841,-0.949476
0.01,1.9,-0.32332,-0.94629
0.01,1.91,-0.332766,-0.94301
0.01,1.92,-0.34218,-0.939635
0.01,1.93,-0.351559,-0.936166
0.01,1.94,-0.360903,-0.932604
0.01,1.95,-0.370211,-0.928948
0.01,1.96,-0.379482,-0.925199
0.01,1.97,-0.388715,-0.921358
0.01,1.98,-0.397909,-0.917425
0.01,1.99,-0.407064,-0.9134
0.01,2,-0.416177,-0.909284
0.01,2.01,-0.425249,-0.905077
0.01,2.02,-0.434279,-0.900779
0.01,2.03,-0.443265,-0.896391
0.01,2.04,-0.452207,-0.891914
0.01,2.05,-0.461103,-0.887347
0.01,2.06,-0.469954,-0.882691
0.01,2.07,-0.478757,-0.877948
0.01,2.08,-0.487512,-0.873116
0.01,2.09,-0.496219,-0.868198
0.01,2.1,-0.504876,-0.863192
0.01,2.11,-0.513483,-0.8581
0.01,2.12,-0.522038,-0.852922
0.01,2.13,-0.530542,-0.847659
0.01,2.14,-0.538992,-0.842311
0.01,2.15,-0.547388,-0.836879
0.01,2.16,-0.555729,-0.831364
0.01,2.17,-0.564015,-0.825765
0.01,2.18,-0.572245,-0.820083
0.01,2.19,-0.580417,-0.81432
0.01,2.2,-0.588531,-0.808475
0.01,2.21,-0.596586,-0.802549
0.01,2.22,-0.604582,-0.796543
0.01,2.23,-0.612517,-0.790458
0.01,2.24,-0.620391,-0.784293
0.01,2.25,-0.628203,-0.77805
0.01,2.26,-0.635952,-0.771729
0.01,2.27,-0.643638,-0.765331
0.01,2.28,-0.651259,-0.758856
0.01,2.29,-0.658815,-0.752306
0.01,2.3,-0.666305,-0.74568
0.01,2.31,-0.673728,-0.73898
0.01,2.32,-0.681084,-0.732205
0.01,2.33,-0.688372,-0.725358
0.01,2.34,-0.695592,-0.718438
0.01,2.35,-0.702741,-0.711446
0.01,2.36,-0.70982,-0.704383
0.01,2.37,-0.716829,-0.69725
0.01,2.38,-0.723765,-0.690046
0.01,2.39,-0.73063,-0.682774
0.01,2.4,-0.737421,-0.675434
0.01,2.41,-0.744138,-0.668026
0.01,2.42,-0.750781,-0.660551
0.01,2.43,-0.757349,-0.65301
0.01,2.44,-0.763842,-0.645404
0.01,2.45,-0.770258,-0.637733
0.01,2.46,-0.776596,-0.629999
0.01,2.47,-0.782858,-0.622202
0.01,2.48,-0.78904,-0.614342
0.01,2.49,-0.795144,-0.606421
0.01,2.5,-0.801169,-0.598439
0.01,2.51,-0.807113,-0.590397
0.01,2.52,-0.812977,-0.582297
0.01,2.53,-0.818759,-0.574138
0.01,2.54,-0.82446,-0.565922
0.01,2.55,-0.830077,-0.557649
0.01,2.56,-0.835612,-0.54932
0.01,2.57,-0.841064,-0.540936
0.01,2.58,-0.846431,-0.532499
0.01,2.59,-0.851714,-0.524008
0.01,2.6,-0.856911,-0.515464
0.01,2.61,-0.862023,-0.50687
0.01,2.62,-0.867049,-0.498224
0.01,2.63,-0.871988,-0.489529
0.01,2.64,-0.876839,-0.480784
0.01,2.65,-0.881603,-0.471992
0.01,2.66,-0.886279,-0.463152
0.01,2.67,-0.890866,-0.454266
0.01,2.68,-0.895364,-0.445335
0.01,2.69,-0.899773,-0.436359
0.01,2.7,-0.904092,-0.427339
0.01,2.71,-0.90832,-0.418277
0.01,2.72,-0.912457,-0.409173
0.01,2.73,-0.916503,-0.400028
0.01,2.74,-0.920458,-0.390843
0.01,2.75,-0.92432,-0.381619
0.01,2.76,-0.92809,-0.372356
0.01,2.77,-0.931767,-0.363057
0.01,2.78,-0.935351,-0.353721
0.01,2.79,-0.938842,-0.34435
0.01,2.8,-0.942238,-0.334944
0.01,2.81,-0.945541,-0.325505
0.01,2.82,-0.948748,-0.316033
0.01,2.83,-0.951861,-0.30653
0.01,2.84,-0.954879,-0.296996
0.01,2.85,-0.957801,-0.287433
0.01,2.86,-0.960628,-0.27784
0.01,2.87,-0.963358,-0.26822
0.01,2.88,-0.965992,-0.258573
0.01,2.89,-0.96853,-0.2489
0.01,2.9,-0.97097,-0.239202
0.01,2.91,-0.973314,-0.229481
0.01,2.92,-0.97556,-0.219736
0.01,2.93,-0.977708,-0.20997
0.01,2.94,-0.979759,-0.200182
0.01,2.95,-0.981712,-0.190374
0.01,2.96,-0.983567,-0.180548
0.01,2.97,-0.985323,-0.170703
0.01,2.98,-0.986981,-0.160841
0.01,2.99,-0.98854,-0.150964
0.01,3,-0.99,-0.141071
0.01,3.01,-0.991361,-0.131164
0.01,3.02,-0.992623,-0.121243
0.01,3.03,-0.993786,-0.111311
0.01,3.04,-0.994849,-0.101368
0.01,3.05,-0.995813,-0.0914141
0.01,3.06,-0.996678,-0.0814514
0.01,3.07,-0.997442,-0.0714805
0.01,3.08,-0.998107,-0.0615025
0.01,3.09,-0.998672,-0.0515184
0.01,3.1,-0.999138,-0.0415291
0.01,3.11,-0.999503,-0.0315356
0.01,3.12,-0.999768,-0.021539
0.01,3.13,-0.999934,-0.0115402
0.01,3.14,-0.999999,-0.00154032
0.01,3.15,-0.999965,0.00845975
0.01,3.16,-0.99983,0.018459
0.01,3.17,-0.999595,0.0284563
0.01,3.18,-0.999261,0.0384509
0.01,3.19,-0.998826,0.0484416
0.01,3.2,-0.998292,0.0584274
0.01,3.21,-0.997658,0.0684074
0.01,3.22,-0.996924,0.0783806
0.01,3.23,-0.99609,0.0883459
0.01,3.24,-0.995157,0.0983024
0.01,3.25,-0.994124,0.108249
0.01,3.26,-0.992992,0.118185
0.01,3.27,-0.991761,0.128109
0.01,3.28,-0.99043,0.13802
0.01,3.29,-0.989,0.147917
0.01,3.3,-0.987471,0.1578
0.01,3.31,-0.985844,0.167667
0.01,3.32,-0.984118,0.177517
0.01,3.33,-0.982294,0.187349
0.01,3.34,-0.980371,0.197163
0.01,3.35,-0.978351,0.206957
0.01,3.36,-0.976232,0.21673
0.01,3.37,-0.974016,0.226481
0.01,3.38,-0.971702,0.23621
0.01,3.39,-0.969292,0.245915
0.01,3.4,-0.966784,0.255596
0.01,3.41,-0.96418,0.265251
0.01,3.42,-0.961479,0.27488
0.01,3.43,-0.958682,0.284481
0.01,3.44,-0.955789,0.294053
0.01,3.45,-0.952801,0.303596
0.01,3.46,-0.949718,0.313109
0.01,3.47,-0.946539,0.322591
0.01,3.48,-0.943266,0.33204
0.01,3.49,-0.939898,0.341456
0.01,3.5,-0.936437,0.350838
0.01,3.51,-0.932881,0.360185
0.01,3.52,-0.929233,0.369496
0.01,3.53,-0.925492,0.378769
0.01,3.54,-0.921658,0.388005
0.01,3.55,-0.917731,0.397203
0.01,3.56,-0.913714,0.40636
0.01,3.57,-0.909604,0.415477
0.01,3.58,-0.905404,0.424552
0.01,3.59,-0.901113,0.433585
0.01,3.6,-0.896732,0.442574
0.01,3.61,-0.892262,0.45152
0.01,3.62,-0.887702,0.46042
0.01,3.63,-0.883053,0.469274
0.01,3.64,-0.878316,0.478081
0.01,3.65,-0.873492,0.48684
0.01,3.66,-0.86858,0.495551
0.01,3.67,-0.863581,0.504212
0.01,3.68,-0.858495,0.512822
0.01,3.69,-0.853324,0.521382
0.01,3.7,-0.848068,0.529889
0.01,3.71,-0.842726,0.538343
0.01,3.72,-0.837301,0.546743
0.01,3.73,-0.831792,0.555089
0.01,3.74,-0.826199,0.563379
0.01,3.75,-0.820524,0.571613
0.01,3.76,-0.814767,0.57979
0.01,3.77,-0.808928,0.587908
0.01,3.78,-0.803009,0.595968
0.01,3.79,-0.797009,0.603968
0.01,3.8,-0.790929,0.611908
0.01,3.81,-0.784771,0.619787
0.01,3.82,-0.778534,0.627604
0.01,3.83,-0.772219,0.635358
0.01,3.84,-0.765826,0.643048
0.01,3.85,-0.759358,0.650674
0.01,3.86,-0.752813,0.658235
0.01,3.87,-0.746193,0.66573
0.01,3.88,-0.739498,0.673159
0.01,3.89,-0.73273,0.68052
0.01,3.9,-0.725888,0.687814
0.01,3.91,-0.718974,0.695038
0.01,3.92,-0.711987,0.702193
0.01,3.93,-0.70493,0.709278
0.01,3.94,-0.697802,0.716292
0.01,3.95,-0.690604,0.723234
0.01,3.96,-0.683337,0.730104
0.01,3.97,-0.676002,0.736901
0.01,3.98,-0.668599,0.743624
0.01,3.99,-0.661129,0.750273
0.01,4,-0.653593,0.756846
0.01,4.01,-0.645992,0.763345
0.01,4.02,-0.638327,0.769766
0.01,4.03,-0.630597,0.776111
0.01,4.04,-0.622804,0.782378
0.01,4.05,-0.614949,0.788567
0.01,4.06,-0.607033,0.794677
0.01,4.07,-0.599056,0.800708
0.01,4.08,-0.591019,0.806658
0.01,4.09,-0.582923,0.812528
0.01,4.1,-0.574768,0.818317
0.01,4.11,-0.566556,0.824024
0.01,4.12,-0.558288,0.829648
0.01,4.13,-0.549963,0.835189
0.01,4.14,-0.541584,0.840647
0.01,4.15,-0.533151,0.846021
0.01,4.16,-0.524664,0.85131
0.01,4.17,-0.516124,0.856514
0.01,4.18,-0.507533,0.861633
0.01,4.19,-0.498892,0.866665
0.01,4.2,-0.4902,0.871611
0.01,4.21,-0.481459,0.876469
0.01,4.22,-0.472671,0.88124
0.01,4.23,-0.463835,0.885922
0.01,4.24,-0.454952,0.890516
0.01,4.25,-0.446024,0.895021
0.01,4.26,-0.437052,0.899437
0.01,4.27,-0.428036,0.903762
0.01,4.28,-0.418977,0.907998
0.01,4.29,-0.409876,0.912142
0.01,4.3,-0.400734,0.916195
0.01,4.31,-0.391552,0.920157
0.01,4.32,-0.382331,0.924026
0.01,4.33,-0.373071,0.927803
0.01,4.34,-0.363775,0.931488
0.01,4.35,-0.354441,0.935079
0.01,4.36,-0.345073,0.938576
0.01,4.37,-0.33567,0.94198
0.01,4.38,-0.326233,0.94529
0.01,4.39,-0.316764,0.948505
0.01,4.4,-0.307263,0.951625
0.01,4.41,-0.297732,0.95465
0.01,4.42,-0.28817,0.95758
0.01,4.43,-0.27858,0.960414
0.01,4.44,-0.268962,0.963151
0.01,4.45,-0.259317,0.965793
0.01,4.46,-0.249646,0.968338
0.01,4.47,-0.23995,0.970786
0.01,4.48,-0.23023,0.973137
0.01,4.49,-0.220488,0.97539
0.01,4.5,-0.210723,0.977546
0.01,4.51,-0.200937,0.979605
0.01,4.52,-0.191131,0.981565
0.01,4.53,-0.181305,0.983427
0.01,4.54,-0.171462,0.985191
0.01,4.55,-0.161601,0.986857
0.01,4.56,-0.151725,0.988423
0.01,4.57,-0.141833,0.989891
0.01,4.58,-0.131927,0.99126
0.01,4.59,-0.122008,0.99253
0.01,4.6,-0.112076,0.9937
0.01,4.61,-0.102134,0.994771
0.01,4.62,-0.092181,0.995743
0.01,4.63,-0.0822189,0.996615
0.01,4.64,-0.0722487,0.997387
0.01,4.65,-0.0622712,0.99806
0.01,4.66,-0.0522875,0.998633
0.01,4.67,-0.0422986,0.999106
0.01,4.68,-0.0323054,0.999479
0.01,4.69,-0.022309,0.999752
0.01,4.7,-0.0123103,0.999925
0.01,4.71,-0.00231048,0.999998
0.01,4.72,0.00768961,0.999971
0.01,4.73,0.0176889,0.999844
0.01,4.74,0.0276865,0.999617
0.01,4.75,0.0376813,0.99929
0.01,4.76,0.0476723,0.998864
0.01,4.77,0.0576586,0.998337
0.01,4.78,0.067639,0.99771
0.01,4.79,0.0776128,0.996984
0.01,4.8,0.0875787,0.996158
0.01,4.81,0.0975359,0.995233
0.01,4.82,0.107483,0.994207
0.01,4.83,0.11742,0.993083
0.01,4.84,0.127345,0.991859
0.01,4.85,0.137257,0.990536
0.01,4.86,0.147156,0.989114
0.01,4.87,0.15704,0.987593
0.01,4.88,0.166908,0.985973
0.01,4.89,0.176759,0.984255
0.01,4.9,0.186593,0.982438
0.01,4.91,0.196408,0.980523
0.01,4.92,0.206203,0.97851
0.01,4.93,0.215978,0.976399
0.01,4.94,0.225731,0.97419
0.01,4.95,0.235462,0.971884
0.01,4.96,0.245169,0.969481
0.01,4.97,0.254851,0.966981
0.01,4.98,0.264508,0.964384
0.01,4.99,0.274139,0.961691
0.01,5,0.283742,0.958901
0.01,5.01,0.293317,0.956016
0.01,5.02,0.302863,0.953035
0.01,5.03,0.312378,0.949959
0.01,5.04,0.321862,0.946787
0.01,5.05,0.331314,0.943521
0.01,5.06,0.340732,0.940161
0.01,5.07,0.350117,0.936707
0.01,5.08,0.359466,0.933159
0.01,5.09,0.36878,0.929517
0.01,5.1,0.378057,0.925783
0.01,5.11,0.387296,0.921956
0.01,5.12,0.396496,0.918037
0.01,5.13,0.405656,0.914026
0.01,5.14,0.414776,0.909924
0.01,5.15,0.423855,0.905731
0.01,5.16,0.432891,0.901447
0.01,5.17,0.441884,0.897073
0.01,5.18,0.450832,0.892609
0.01,5.19,0.459736,0.888056
0.01,5.2,0.468594,0.883415
0.01,5.21,0.477404,0.878685
0.01,5.22,0.486167,0.873867
0.01,5.23,0.494882,0.868961
0.01,5.24,0.503546,0.863969
0.01,5.25,0.512161,0.85889
0.01,5.26,0.520724,0.853726
0.01,5.27,0.529235,0.848476
0.01,5.28,0.537694,0.843141
0.01,5.29,0.546098,0.837722
0.01,5.3,0.554448,0.832219
0.01,5.31,0.562743,0.826633
0.01,5.32,0.570981,0.820964
0.01,5.33,0.579162,0.815213
0.01,5.34,0.587285,0.809381
0.01,5.35,0.59535,0.803468
0.01,5.36,0.603354,0.797474
0.01,5.37,0.611299,0.791401
0.01,5.38,0.619183,0.785248
0.01,5.39,0.627004,0.779017
0.01,5.4,0.634763,0.772708
0.01,5.41,0.642458,0.766322
0.01,5.42,0.650089,0.759859
0.01,5.43,0.657655,0.75332
0.01,5.44,0.665156,0.746706
0.01,5.45,0.672589,0.740017
0.01,5.46,0.679956,0.733254
0.01,5.47,0.687255,0.726418
0.01,5.48,0.694484,0.719509
0.01,5.49,0.701645,0.712528
0.01,5.5,0.708735,0.705476
0.01,5.51,0.715754,0.698353
0.01,5.52,0.722702,0.691161
0.01,5.53,0.729577,0.683899
0.01,5.54,0.73638,0.676569
0.01,5.55,0.743109,0.669172
0.01,5.56,0.749763,0.661707
0.01,5.57,0.756343,0.654176
0.01,5.58,0.762847,0.64658
0.01,5.59,0.769275,0.638919
0.01,5.6,0.775625,0.631195
0.01,5.61,0.781899,0.623407
0.01,5.62,0.788093,0.615557
0.01,5.63,0.79421,0.607645
0.01,5.64,0.800246,0.599673
0.01,5.65,0.806203,0.59164
0.01,5.66,0.812079,0.583548
0.01,5.67,0.817874,0.575399
0.01,5.68,0.823587,0.567191
0.01,5.69,0.829218,0.558927
0.01,5.7,0.834766,0.550607
0.01,5.71,0.84023,0.542231
0.01,5.72,0.84561,0.533802
0.01,5.73,0.850906,0.525319
0.01,5.74,0.856117,0.516784
0.01,5.75,0.861242,0.508197
0.01,5.76,0.866281,0.499559
0.01,5.77,0.871233,0.490871
0.01,5.78,0.876098,0.482134
0.01,5.79,0.880876,0.473349
0.01,5.8,0.885565,0.464517
0.01,5.81,0.890166,0.455638
0.01,5.82,0.894678,0.446714
0.01,5.83,0.8991,0.437744
0.01,5.84,0.903433,0.428732
0.01,5.85,0.907675,0.419676
0.01,5.86,0.911826,0.410578
0.01,5.87,0.915886,0.401439
0.01,5.88,0.919855,0.39226
0.01,5.89,0.923732,0.383042
0.01,5.9,0.927516,0.373786
0.01,5.91,0.931207,0.364492
0.01,5.92,0.934806,0.355162
0.01,5.93,0.938311,0.345796
0.01,5.94,0.941722,0.336395
0.01,5.95,0.945038,0.326961
0.01,5.96,0.948261,0.317495
0.01,5.97,0.951388,0.307996
0.01,5.98,0.954421,0.298467
0.01,5.99,0.957358,0.288908
0.01,6,0.960199,0.27932
0.01,6.01,0.962944,0.269704
0.01,6.02,0.965593,0.260061
0.01,6.03,0.968145,0.250392
0.01,6.04,0.970601,0.240698
0.01,6.05,0.972959,0.23098
0.01,6.06,0.97522,0.221239
0.01,6.07,0.977384,0.211475
0.01,6.08,0.97945,0.201691
0.01,6.09,0.981418,0.191886
0.01,6.1,0.983288,0.182063
0.01,6.11,0.985059,0.172221
0.01,6.12,0.986732,0.162361
0.01,6.13,0.988306,0.152486
0.01,6.14,0.989782,0.142595
0.01,6.15,0.991158,0.13269
0.01,6.16,0.992436,0.122772
0.01,6.17,0.993614,0.112842
0.01,6.18,0.994692,0.1029
0.01,6.19,0.995672,0.0929479
0.01,6.2,0.996551,0.0829865
0.01,6.21,0.997331,0.0730168
0.01,6.22,0.998012,0.0630399
0.01,6.23,0.998592,0.0530566
0.01,6.24,0.999073,0.043068
0.01,6.25,0.999454,0.0330751
0.01,6.26,0.999734,0.0230789
0.01,6.27,0.999915,0.0130804
0.01,6.28,0.999996,0.00308064
0.01,6.29,0.999977,-0.00691947
0.01,6.3,0.999858,-0.0169189
0.01,6.31,0.999638,-0.0269166
0.01,6.32,0.999319,-0.0369117
0.01,6.33,0.9989,-0.046903
0.01,6.34,0.998381,-0.0568897
0.01,6.35,0.997762,-0.0668706
0.01,6.36,0.997044,-0.0768449
0.01,6.37,0.996226,-0.0868115
0.01,6.38,0.995308,-0.0967694
0.01,6.39,0.99429,-0.106718
0.01,6.4,0.993173,-0.116655
0.01,6.41,0.991957,-0.126581
0.01,6.42,0.990642,-0.136494
0.01,6.43,0.989227,-0.146394
0.01,6.44,0.987714,-0.156279
0.01,6.45,0.986102,-0.166148
0.01,6.46,0.984391,-0.176001
0.01,6.47,0.982582,-0.185836
0.01,6.48,0.980674,-0.195653
0.01,6.49,0.978669,-0.20545
0.01,6.5,0.976565,-0.215226
0.01,6.51,0.974364,-0.224981
0.01,6.52,0.972065,-0.234713
0.01,6.53,0.96967,-0.244422
0.01,6.54,0.967177,-0.254107
0.01,6.55,0.964588,-0.263766
0.01,6.56,0.961902,-0.273398
0.01,6.57,0.95912,-0.283004
0.01,6.58,0.956242,-0.292581
0.01,6.59,0.953268,-0.302129
0.01,6.6,0.950199,-0.311646
0.01,6.61,0.947035,-0.321133
0.01,6.62,0.943776,-0.330587
0.01,6.63,0.940423,-0.340008
0.01,6.64,0.936976,-0.349395
0.01,6.65,0.933435,-0.358748
0.01,6.66,0.929801,-0.368064
0.01,6.67,0.926074,-0.377344
0.01,6.68,0.922254,-0.386586
0.01,6.69,0.918343,-0.395789
0.01,6.7,0.914339,-0.404952
0.01,6.71,0.910243,-0.414075
0.01,6.72,0.906057,-0.423157
0.01,6.73,0.90178,-0.432197
0.01,6.74,0.897413,-0.441193
0.01,6.75,0.892956,-0.450145
0.01,6.76,0.88841,-0.459052
0.01,6.77,0.883775,-0.467913
0.01,6.78,0.879052,-0.476727
0.01,6.79,0.874241,-0.485494
0.01,6.8,0.869342,-0.494212
0.01,6.81,0.864357,-0.502881
0.01,6.82,0.859285,-0.511499
0.01,6.83,0.854127,-0.520067
0.01,6.84,0.848883,-0.528582
0.01,6.85,0.843555,-0.537044
0.01,6.86,0.838142,-0.545453
0.01,6.87,0.832646,-0.553807
0.01,6.88,0.827066,-0.562106
0.01,6.89,0.821404,-0.570349
0.01,6.9,0.815659,-0.578534
0.01,6.91,0.809833,-0.586662
0.01,6.92,0.803926,-0.594731
0.01,6.93,0.797939,-0.60274
0.01,6.94,0.791871,-0.61069
0.01,6.95,0.785725,-0.618578
0.01,6.96,0.7795,-0.626404
0.01,6.97,0.773197,-0.634168
0.01,6.98,0.766816,-0.641868
0.01,6.99,0.760359,-0.649504
0.01,7,0.753826,-0.657075
0.01,7.01,0.747218,-0.664581
0.01,7.02,0.740535,-0.672019
0.01,7.03,0.733777,-0.679391
0.01,7.04,0.726947,-0.686695
0.01,7.05,0.720044,-0.69393
0.01,7.06,0.713068,-0.701096
0.01,7.07,0.706022,-0.708192
0.01,7.08,0.698904,-0.715216
0.01,7.09,0.691717,-0.72217
0.01,7.1,0.684461,-0.729051
0.01,7.11,0.677136,-0.735859
0.01,7.12,0.669744,-0.742593
0.01,7.13,0.662284,-0.749254
0.01,7.14,0.654759,-0.755839
0.01,7.15,0.647168,-0.762349
0.01,7.16,0.639512,-0.768782
0.01,7.17,0.631792,-0.775139
0.01,7.18,0.624009,-0.781418
0.01,7.19,0.616164,-0.787619
0.01,7.2,0.608257,-0.793742
0.01,7.21,0.600289,-0.799784
0.01,7.22,0.592261,-0.805747
0.01,7.23,0.584174,-0.81163
0.01,7.24,0.576028,-0.817431
0.01,7.25,0.567825,-0.82315
0.01,7.26,0.559565,-0.828787
0.01,7.27,0.551249,-0.834342
0.01,7.28,0.542879,-0.839812
0.01,7.29,0.534453,-0.845199
0.01,7.3,0.525975,-0.850501
0.01,7.31,0.517443,-0.855719
0.01,7.32,0.50886,-0.86085
0.01,7.33,0.500226,-0.865896
0.01,7.34,0.491542,-0.870855
0.01,7.35,0.482809,-0.875727
0.01,7.36,0.474028,-0.880511
0.01,7.37,0.465199,-0.885207
0.01,7.38,0.456324,-0.889815
0.01,7.39,0.447403,-0.894334
0.01,7.4,0.438437,-0.898763
0.01,7.41,0.429427,-0.903102
0.01,7.42,0.420375,-0.907352
0.01,7.43,0.41128,-0.91151
0.01,7.44,0.402145,-0.915577
0.01,7.45,0.392969,-0.919553
0.01,7.46,0.383754,-0.923437
0.01,7.47,0.3745,-0.927228
0.01,7.48,0.365209,-0.930927
0.01,7.49,0.355882,-0.934532
0.01,7.5,0.346518,-0.938044
0.01,7.51,0.337121,-0.941462
0.01,7.52,0.327689,-0.944787
0.01,7.53,0.318225,-0.948016
0.01,7.54,0.308729,-0.951151
0.01,7.55,0.299202,-0.954191
0.01,7.56,0.289645,-0.957135
0.01,7.57,0.280059,-0.959984
0.01,7.58,0.270445,-0.962736
0.01,7.59,0.260804,-0.965393
0.01,7.6,0.251137,-0.967952
0.01,7.61,0.241445,-0.970415
0.01,7.62,0.231729,-0.972781
0.01,7.63,0.22199,-0.97505
0.01,7.64,0.212228,-0.977221
0.01,7.65,0.202445,-0.979295
0.01,7.66,0.192642,-0.98127
0.01,7.67,0.18282,-0.983147
0.01,7.68,0.172979,-0.984926
0.01,7.69,0.163121,-0.986607
0.01,7.7,0.153247,-0.988189
0.01,7.71,0.143358,-0.989672
0.01,7.72,0.133454,-0.991056
0.01,7.73,0.123537,-0.992341
0.01,7.74,0.113607,-0.993527
0.01,7.75,0.103666,-0.994613
0.01,7.76,0.0937147,-0.9956
0.01,7.77,0.083754,-0.996487
0.01,7.78,0.0737849,-0.997275
0.01,7.79,0.0638085,-0.997963
0.01,7.8,0.0538257,-0.998551
0.01,7.81,0.0438375,-0.99904
0.01,7.82,0.0338449,-0.999428
0.01,7.83,0.0238489,-0.999717
0.01,7.84,0.0138505,-0.999905
0.01,7.85,0.0038508,-0.999994
0.01,7.86,-0.00614933,-0.999982
0.01,7.87,-0.0161488,-0.999871
0.01,7.88,-0.0261467,-0.999659
0.01,7.89,-0.036142,-0.999348
0.01,7.9,-0.0461337,-0.998936
0.01,7.91,-0.0561208,-0.998425
0.01,7.92,-0.0661022,-0.997814
0.01,7.93,-0.076077,-0.997103
0.01,7.94,-0.0860443,-0.996292
0.01,7.95,-0.0960029,-0.995382
0.01,7.96,-0.105952,-0.994372
0.01,7.97,-0.11589,-0.993263
0.01,7.98,-0.125817,-0.992054
0.01,7.99,-0.135731,-0.990747
0.01,8,-0.145632,-0.98934
0.01,8.01,-0.155518,-0.987834
0.01,8.02,-0.165389,-0.986229
0.01,8.03,-0.175243,-0.984526
0.01,8.04,-0.185079,-0.982725
0.01,8.05,-0.194897,-0.980825
0.01,8.06,-0.204696,-0.978827
0.01,8.07,-0.214474,-0.976731
0.01,8.08,-0.22423,-0.974537
0.01,8.09,-0.233965,-0.972246
0.01,8.1,-0.243675,-0.969858
0.01,8.11,-0.253362,-0.967373
0.01,8.12,-0.263023,-0.964791
0.01,8.13,-0.272658,-0.962112
0.01,8.14,-0.282265,-0.959338
0.01,8.15,-0.291844,-0.956467
0.01,8.16,-0.301394,-0.953501
0.01,8.17,-0.310914,-0.950439
0.01,8.18,-0.320403,-0.947282
0.01,8.19,-0.32986,-0.944031
0.01,8.2,-0.339284,-0.940685
0.01,8.21,-0.348674,-0.937245
0.01,8.22,-0.358029,-0.933712
0.01,8.23,-0.367348,-0.930085
0.01,8.24,-0.37663,-0.926365
0.01,8.25,-0.385875,-0.922552
0.01,8.26,-0.395081,-0.918647
0.01,8.27,-0.404248,-0.91465
0.01,8.28,-0.413374,-0.910562
0.01,8.29,-0.422459,-0.906383
0.01,8.3,-0.431502,-0.902113
0.01,8.31,-0.440502,-0.897753
0.01,8.32,-0.449457,-0.893303
0.01,8.33,-0.458368,-0.888764
0.01,8.34,-0.467232,-0.884136
0.01,8.35,-0.47605,-0.879419
0.01,8.36,-0.484821,-0.874615
0.01,8.37,-0.493543,-0.869723
0.01,8.38,-0.502215,-0.864744
0.01,8.39,-0.510838,-0.859678
0.01,8.4,-0.519409,-0.854527
0.01,8.41,-0.527928,-0.84929
0.01,8.42,-0.536395,-0.843969
0.01,8.43,-0.544808,-0.838562
0.01,8.44,-0.553166,-0.833072
0.01,8.45,-0.561469,-0.827499
0.01,8.46,-0.569716,-0.821843
0.01,8.47,-0.577906,-0.816105
0.01,8.48,-0.586038,-0.810285
0.01,8.49,-0.594112,-0.804384
0.01,8.5,-0.602126,-0.798403
0.01,8.51,-0.61008,-0.792341
0.01,8.52,-0.617972,-0.786201
0.01,8.53,-0.625804,-0.779982
0.01,8.54,-0.633572,-0.773685
0.01,8.55,-0.641277,-0.767311
0.01,8.56,-0.648918,-0.760859
0.01,8.57,-0.656494,-0.754332
0.01,8.58,-0.664005,-0.74773
0.01,8.59,-0.671449,-0.741052
0.01,8.6,-0.678826,-0.734301
0.01,8.61,-0.686135,-0.727476
0.01,8.62,-0.693376,-0.720578
0.01,8.63,-0.700547,-0.713608
0.01,8.64,-0.707648,-0.706567
0.01,8.65,-0.714678,-0.699455
0.01,8.66,-0.721637,-0.692273
0.01,8.67,-0.728523,-0.685022
0.01,8.68,-0.735337,-0.677703
0.01,8.69,-0.742078,-0.670316
0.01,8.7,-0.748744,-0.662861
0.01,8.71,-0.755335,-0.655341
0.01,8.72,-0.76185,-0.647755
0.01,8.73,-0.76829,-0.640104
0.01,8.74,-0.774652,-0.632389
0.01,8.75,-0.780938,-0.624611
0.01,8.76,-0.787145,-0.61677
0.01,8.77,-0.793273,-0.608868
0.01,8.78,-0.799322,-0.600905
0.01,8.79,-0.805291,-0.592881
0.01,8.8,-0.81118,-0.584799
0.01,8.81,-0.816987,-0.576658
0.01,8.82,-0.822713,-0.568459
0.01,8.83,-0.828356,-0.560204
0.01,8.84,-0.833917,-0.551892
0.01,8.85,-0.839394,-0.543525
0.01,8.86,-0.844787,-0.535104
0.01,8.87,-0.850096,-0.526629
0.01,8.88,-0.85532,-0.518102
0.01,8.89,-0.860458,-0.509523
0.01,8.9,-0.86551,-0.500893
0.01,8.91,-0.870476,-0.492213
0.01,8.92,-0.875355,-0.483484
0.01,8.93,-0.880146,-0.474706
0.01,8.94,-0.884849,-0.465881
0.01,8.95,-0.889463,-0.457009
0.01,8.96,-0.893989,-0.448091
0.01,8.97,-0.898425,-0.439129
0.01,8.98,-0.902772,-0.430123
0.01,8.99,-0.907028,-0.421074
0.01,9,-0.911193,-0.411982
0.01,9.01,-0.915267,-0.40285
0.01,9.02,-0.91925,-0.393677
0.01,9.03,-0.923141,-0.384465
0.01,9.04,-0.926939,-0.375214
0.01,9.05,-0.930645,-0.365926
0.01,9.06,-0.934258,-0.356601
0.01,9.07,-0.937777,-0.347241
0.01,9.08,-0.941203,-0.337846
0.01,9.09,-0.944534,-0.328417
0.01,9.1,-0.947771,-0.318955
0.01,9.11,-0.950913,-0.309461
0.01,9.12,-0.95396,-0.299937
0.01,9.13,-0.956912,-0.290382
0.01,9.14,-0.959768,-0.280798
0.01,9.15,-0.962528,-0.271187
0.01,9.16,-0.965192,-0.261548
0.01,9.17,-0.967759,-0.251883
0.01,9.18,-0.970229,-0.242193
0.01,9.19,-0.972603,-0.232478
0.01,9.2,-0.974879,-0.222741
0.01,9.21,-0.977058,-0.212981
0.01,9.22,-0.979139,-0.2032
0.01,9.23,-0.981122,-0.193398
0.01,9.24,-0.983006,-0.183577
0.01,9.25,-0.984793,-0.173738
0.01,9.26,-0.986481,-0.163881
0.01,9.27,-0.988071,-0.154008
0.01,9.28,-0.989561,-0.14412
0.01,9.29,-0.990953,-0.134217
0.01,9.3,-0.992246,-0.124301
0.01,9.31,-0.993439,-0.114372
0.01,9.32,-0.994533,-0.104432
0.01,9.33,-0.995528,-0.0944814
0.01,9.34,-0.996423,-0.0845214
0.01,9.35,-0.997218,-0.074553
0.01,9.36,-0.997914,-0.0645771
0.01,9.37,-0.99851,-0.0545947
0.01,9.38,-0.999006,-0.0446069
0.01,9.39,-0.999402,-0.0346146
0.01,9.4,-0.999698,-0.0246188
0.01,9.41,-0.999894,-0.0146206
0.01,9.42,-0.999991,-0.00462095
0.01,9.43,-0.999987,0.00537918
0.01,9.44,-0.999883,0.0153788
0.01,9.45,-0.999679,0.0253768
0.01,9.46,-0.999375,0.0353724
0.01,9.47,-0.998972,0.0453643
0.01,9.48,-0.998468,0.0553518
0.01,9.49,-0.997865,0.0653337
0.01,9.5,-0.997161,0.0753091
0.01,9.51,-0.996358,0.0852769
0.01,9.52,-0.995456,0.0952363
0.01,9.53,-0.994454,0.105186
0.01,9.54,-0.993352,0.115125
0.01,9.55,-0.992151,0.125053
0.01,9.56,-0.990851,0.134968
0.01,9.57,-0.989452,0.14487
0.01,9.58,-0.987954,0.154757
0.01,9.59,-0.986357,0.164629
0.01,9.6,-0.984661,0.174485
0.01,9.61,-0.982867,0.184322
0.01,9.62,-0.980975,0.194142
0.01,9.63,-0.978984,0.203942
0.01,9.64,-0.976896,0.213722
0.01,9.65,-0.97471,0.22348
0.01,9.66,-0.972426,0.233216
0.01,9.67,-0.970045,0.242928
0.01,9.68,-0.967568,0.252617
0.01,9.69,-0.964993,0.26228
0.01,9.7,-0.962322,0.271917
0.01,9.71,-0.959555,0.281526
0.01,9.72,-0.956692,0.291108
0.01,9.73,-0.953733,0.30066
0.01,9.74,-0.950678,0.310182
0.01,9.75,-0.947529,0.319674
0.01,9.76,-0.944285,0.329133
0.01,9.77,-0.940946,0.338559
0.01,9.78,-0.937514,0.347952
0.01,9.79,-0.933987,0.35731
0.01,9.8,-0.930368,0.366632
0.01,9.81,-0.926655,0.375917
0.01,9.82,-0.922849,0.385165
0.01,9.83,-0.918951,0.394374
0.01,9.84,-0.914962,0.403544
0.01,9.85,-0.910881,0.412673
0.01,9.86,-0.906708,0.421761
0.01,9.87,-0.902445,0.430807
0.01,9.88,-0.898092,0.43981
0.01,9.89,-0.893649,0.448769
0.01,9.9,-0.889117,0.457683
0.01,9.91,-0.884495,0.466551
0.01,9.92,-0.879786,0.475373
0.01,9.93,-0.874988,0.484147
0.01,9.94,-0.870103,0.492873
0.01,9.95,-0.865131,0.501549
0.01,9.96,-0.860072,0.510175
0.01,9.97,-0.854927,0.518751
0.01,9.98,-0.849697,0.527274
0.01,9.99,-0.844382,0.535745
0.01,10,-0.838982,0.544162
0.01,10.01,-0.833498,0.552524
0.01,10.02,-0.827931,0.560832
0.01,10.03,-0.822282,0.569083
0.01,10.04,-0.81655,0.577277
0.01,10.05,-0.810736,0.585414
0.01,10.06,-0.804841,0.593492
0.01,10.07,-0.798866,0.601511
0.01,10.08,-0.792811,0.609469
0.01,10.09,-0.786677,0.617367
0.01,10.1,-0.780464,0.625203
0.01,10.11,-0.774173,0.632976
0.01,10.12,-0.767804,0.640686
0.01,10.13,-0.761359,0.648332
0.01,10.14,-0.754838,0.655913
0.01,10.15,-0.748241,0.663429
0.01,10.16,-0.741569,0.670878
0.01,10.17,-0.734823,0.67826
0.01,10.18,-0.728004,0.685575
0.01,10.19,-0.721112,0.692821
0.01,10.2,-0.714148,0.699997
0.01,10.21,-0.707112,0.707103
0.01,10.22,-0.700006,0.714139
0.01,10.23,-0.692829,0.721104
0.01,10.24,-0.685583,0.727996
0.01,10.25,-0.678269,0.734815
0.01,10.26,-0.670887,0.741561
0.01,10.27,-0.663438,0.748233
0.01,10.28,-0.655922,0.75483
0.01,10.29,-0.648341,0.761351
0.01,10.3,-0.640695,0.767797
0.01,10.31,-0.632985,0.774165
0.01,10.32,-0.625212,0.780457
0.01,10.33,-0.617376,0.78667
0.01,10.34,-0.609479,0.792804
0.01,10.35,-0.60152,0.798859
0.01,10.36,-0.593502,0.804834
0.01,10.37,-0.585424,0.810729
0.01,10.38,-0.577287,0.816543
0.01,10.39,-0.569093,0.822275
0.01,10.4,-0.560841,0.827925
0.01,10.41,-0.552534,0.833492
0.01,10.42,-0.544172,0.838975
0.01,10.43,-0.535755,0.844375
0.01,10.44,-0.527284,0.849691
0.01,10.45,-0.518761,0.854921
0.01,10.46,-0.510186,0.860066
0.01,10.47,-0.50156,0.865125
0.01,10.48,-0.492883,0.870097
0.01,10.49,-0.484158,0.874982
0.01,10.5,-0.475384,0.87978
0.01,10.51,-0.466562,0.88449
0.01,10.52,-0.457694,0.889111
0.01,10.53,-0.44878,0.893644
0.01,10.54,-0.439821,0.898087
0.01,10.55,-0.430818,0.90244
0.01,10.56,-0.421772,0.906703
0.01,10.57,-0.412684,0.910876
0.01,10.58,-0.403555,0.914957
0.01,10.59,-0.394385,0.918947
0.01,10.6,-0.385176,0.922845
0.01,10.61,-0.375928,0.92665
0.01,10.62,-0.366643,0.930363
0.01,10.63,-0.357321,0.933983
0.01,10.64,-0.347963,0.93751
0.01,10.65,-0.338571,0.940942
0.01,10.66,-0.329144,0.944281
0.01,10.67,-0.319685,0.947525
0.01,10.68,-0.310194,0.950675
0.01,10.69,-0.300671,0.953729
0.01,10.7,-0.291119,0.956688
0.01,10.71,-0.281538,0.959552
0.01,10.72,-0.271928,0.962319
0.01,10.73,-0.262291,0.96499
0.01,10.74,-0.252628,0.967565
0.01,10.75,-0.24294,0.970043
0.01,10.76,-0.233227,0.972424
0.01,10.77,-0.223491,0.974707
0.01,10.78,-0.213733,0.976893
0.01,10.79,-0.203954,0.978982
0.01,10.8,-0.194154,0.980973
0.01,10.81,-0.184334,0.982865
0.01,10.82,-0.174496,0.984659
0.01,10.83,-0.164641,0.986355
0.01,10.84,-0.154769,0.987952
0.01,10.85,-0.144882,0.98945
0.01,10.86,-0.13498,0.99085
0.01,10.87,-0.125065,0.99215
0.01,10.88,-0.115137,0.993351
0.01,10.89,-0.105198,0.994453
0.01,10.9,-0.0952481,0.995455
0.01,10.91,-0.0852888,0.996358
0.01,10.92,-0.075321,0.997161
0.01,10.93,-0.0653456,0.997864
0.01,10.94,-0.0553637,0.998468
0.01,10.95,-0.0453763,0.998971
0.01,10.96,-0.0353843,0.999375
0.01,10.97,-0.0253888,0.999679
0.01,10.98,-0.0153907,0.999883
0.01,10.99,-0.00539111,0.999987
0.01,11,0.00460903,0.999991
0.01,11.01,0.0146087,0.999895
0.01,11.02,0.0246069,0.999699
0.01,11.03,0.0346027,0.999403
0.01,11.04,0.044595,0.999007
0.01,11.05,0.0545828,0.998511
0.01,11.06,0.0645652,0.997915
0.01,11.07,0.0745411,0.997219
0.01,11.08,0.0845096,0.996424
0.01,11.09,0.0944696,0.995529
0.01,11.1,0.10442,0.994535
0.01,11.11,0.11436,0.993441
0.01,11.12,0.124289,0.992247
0.01,11.13,0.134205,0.990955
0.01,11.14,0.144108,0.989563
0.01,11.15,0.153996,0.988073
0.01,11.16,0.16387,0.986483
0.01,11.17,0.173726,0.984795
0.01,11.18,0.183565,0.983009
0.01,11.19,0.193386,0.981124
0.01,11.2,0.203188,0.979141
0.01,11.21,0.212969,0.97706
0.01,11.22,0.222729,0.974882
0.01,11.23,0.232467,0.972606
0.01,11.24,0.242181,0.970232
0.01,11.25,0.251871,0.967762
0.01,11.26,0.261536,0.965195
0.01,11.27,0.271175,0.962531
0.01,11.28,0.280787,0.959772
0.01,11.29,0.290371,0.956916
0.01,11.3,0.299925,0.953964
0.01,11.31,0.30945,0.950917
0.01,11.32,0.318944,0.947775
0.01,11.33,0.328406,0.944538
0.01,11.34,0.337835,0.941207
0.01,11.35,0.34723,0.937782
0.01,11.36,0.35659,0.934262
0.01,11.37,0.365915,0.93065
0.01,11.38,0.375203,0.926944
0.01,11.39,0.384454,0.923146
0.01,11.4,0.393666,0.919255
0.01,11.41,0.402839,0.915272
0.01,11.42,0.411972,0.911198
0.01,11.43,0.421063,0.907033
0.01,11.44,0.430112,0.902777
0.01,11.45,0.439118,0.898431
0.01,11.46,0.448081,0.893995
0.01,11.47,0.456998,0.889469
0.01,11.48,0.46587,0.884855
0.01,11.49,0.474695,0.880152
0.01,11.5,0.483473,0.875361
0.01,11.51,0.492203,0.870482
0.01,11.52,0.500883,0.865517
0.01,11.53,0.509513,0.860465
0.01,11.54,0.518092,0.855326
0.01,11.55,0.52662,0.850103
0.01,11.56,0.535094,0.844794
0.01,11.57,0.543515,0.839401
0.01,11.58,0.551882,0.833924
0.01,11.59,0.560194,0.828363
0.01,11.6,0.56845,0.82272
0.01,11.61,0.576648,0.816994
0.01,11.62,0.584789,0.811187
0.01,11.63,0.592872,0.805298
0.01,11.64,0.600895,0.79933
0.01,11.65,0.608859,0.793281
0.01,11.66,0.616761,0.787152
0.01,11.67,0.624602,0.780945
0.01,11.68,0.63238,0.77466
0.01,11.69,0.640095,0.768298
0.01,11.7,0.647746,0.761858
0.01,11.71,0.655332,0.755343
0.01,11.72,0.662853,0.748752
0.01,11.73,0.670307,0.742086
0.01,11.74,0.677694,0.735346
0.01,11.75,0.685014,0.728532
0.01,11.76,0.692265,0.721645
0.01,11.77,0.699447,0.714687
0.01,11.78,0.706559,0.707656
0.01,11.79,0.7136,0.700555
0.01,11.8,0.72057,0.693384
0.01,11.81,0.727468,0.686144
0.01,11.82,0.734293,0.678835
0.01,11.83,0.741044,0.671458
0.01,11.84,0.747722,0.664014
0.01,11.85,0.754325,0.656504
0.01,11.86,0.760852,0.648928
0.01,11.87,0.767303,0.641287
0.01,11.88,0.773678,0.633582
0.01,11.89,0.779975,0.625813
0.01,11.9,0.786194,0.617982
0.01,11.91,0.792335,0.610089
0.01,11.92,0.798396,0.602135
0.01,11.93,0.804377,0.594121
0.01,11.94,0.810278,0.586048
0.01,11.95,0.816098,0.577916
0.01,11.96,0.821837,0.569726
0.01,11.97,0.827493,0.561479
0.01,11.98,0.833066,0.553176
0.01,11.99,0.838556,0.544818
0.01,12,0.843963,0.536405
0.01,12.01,0.849284,0.527939
0.01,12.02,0.854521,0.519419
0.01,12.03,0.859673,0.510848
0.01,12.04,0.864738,0.502226
0.01,12.05,0.869717,0.493553
0.01,12.06,0.874609,0.484831
0.01,12.07,0.879414,0.476061
0.01,12.08,0.884131,0.467243
0.01,12.09,0.888759,0.458379
0.01,12.1,0.893298,0.449468
0.01,12.11,0.897748,0.440513
0.01,12.12,0.902108,0.431513
0.01,12.13,0.906378,0.42247
0.01,12.14,0.910558,0.413385
0.01,12.15,0.914646,0.404259
0.01,12.16,0.918643,0.395093
0.01,12.17,0.922548,0.385886
0.01,12.18,0.926361,0.376642
0.01,12.19,0.930081,0.367359
0.01,12.2,0.933708,0.35804
0.01,12.21,0.937242,0.348685
0.01,12.22,0.940682,0.339295
0.01,12.23,0.944028,0.329871
0.01,12.24,0.947279,0.320415
0.01,12.25,0.950436,0.310926
0.01,12.26,0.953498,0.301406
0.01,12.27,0.956464,0.291856
0.01,12.28,0.959335,0.282277
0.01,12.29,0.962109,0.272669
0.01,12.3,0.964788,0.263034
0.01,12.31,0.96737,0.253373
0.01,12.32,0.969856,0.243687
0.01,12.33,0.972244,0.233976
0.01,12.34,0.974535,0.224242
0.01,12.35,0.976729,0.214486
0.01,12.36,0.978825,0.204708
0.01,12.37,0.980823,0.194909
0.01,12.38,0.982723,0.185091
0.01,12.39,0.984525,0.175255
0.01,12.4,0.986228,0.165401
0.01,12.41,0.987833,0.15553
0.01,12.42,0.989339,0.145644
0.01,12.43,0.990746,0.135743
0.01,12.44,0.992054,0.125829
0.01,12.45,0.993262,0.115902
0.01,12.46,0.994372,0.105964
0.01,12.47,0.995381,0.0960148
0.01,12.48,0.996292,0.0860562
0.01,12.49,0.997103,0.076089
0.01,12.5,0.997814,0.0661141
0.01,12.51,0.998425,0.0561327
0.01,12.52,0.998936,0.0461456
0.01,12.53,0.999348,0.036154
0.01,12.54,0.999659,0.0261587
0.01,12.55,0.999871,0.0161608
0.01,12.56,0.999983,0.00616126
0.01,12.57,0.999994,-0.00383888
0.01,12.58,0.999906,-0.0138386
0.01,12.59,0.999717,-0.023837
0.01,12.6,0.999429,-0.033833
0.01,12.61,0.999041,-0.0438256
0.01,12.62,0.998553,-0.0538138
0.01,12.63,0.997965,-0.0637966
0.01,12.64,0.997277,-0.0737731
0.01,12.65,0.996489,-0.0837422
0.01,12.66,0.995602,-0.0937029
0.01,12.67,0.994615,-0.103654
0.01,12.68,0.993529,-0.113595
0.01,12.69,0.992343,-0.123525
0.01,12.7,0.991058,-0.133442
0.01,12.71,0.989674,-0.143346
0.01,12.72,0.988191,-0.153236
0.01,12.73,0.98661,-0.16311
0.01,12.74,0.984929,-0.172968
0.01,12.75,0.98315,-0.182808
0.01,12.76,0.981273,-0.192631
0.01,12.77,0.979298,-0.202434
0.01,12.78,0.977224,-0.212217
0.01,12.79,0.975053,-0.221978
0.01,12.8,0.972785,-0.231718
0.01,12.81,0.970419,-0.241434
0.01,12.82,0.967956,-0.251126
0.01,12.83,0.965396,-0.260793
0.01,12.84,0.96274,-0.270434
0.01,12.85,0.959988,-0.280048
0.01,12.86,0.957139,-0.289634
0.01,12.87,0.954195,-0.299191
0.01,12.88,0.951155,-0.308718
0.01,12.89,0.948021,-0.318214
0.01,12.9,0.944791,-0.327678
0.01,12.91,0.941467,-0.33711
0.01,12.92,0.938049,-0.346507
0.01,12.93,0.934537,-0.355871
0.01,12.94,0.930932,-0.365198
0.01,12.95,0.927233,-0.374489
0.01,12.96,0.923442,-0.383743
0.01,12.97,0.919558,-0.392958
0.01,12.98,0.915583,-0.402134
0.01,12.99,0.911515,-0.41127
0.01,13,0.907357,-0.420364
0.01,13.01,0.903108,-0.429417
0.01,13.02,0.898769,-0.438426
0.01,13.03,0.89434,-0.447392
0.01,13.04,0.889821,-0.456313
0.01,13.05,0.885213,-0.465189
0.01,13.06,0.880517,-0.474018
0.01,13.07,0.875733,-0.482799
0.01,13.08,0.870861,-0.491532
0.01,13.09,0.865902,-0.500216
0.01,13.1,0.860857,-0.50885
0.01,13.11,0.855725,-0.517433
0.01,13.12,0.850508,-0.525965
0.01,13.13,0.845206,-0.534444
0.01,13.14,0.839819,-0.542869
0.01,13.15,0.834349,-0.55124
0.01,13.16,0.828795,-0.559556
0.01,13.17,0.823158,-0.567816
0.01,13.18,0.817438,-0.576019
0.01,13.19,0.811637,-0.584165
0.01,13.2,0.805755,-0.592252
0.01,13.21,0.799792,-0.60028
0.01,13.22,0.793749,-0.608248
0.01,13.23,0.787627,-0.616155
0.01,13.24,0.781426,-0.624
0.01,13.25,0.775147,-0.631783
0.01,13.26,0.768791,-0.639503
0.01,13.27,0.762357,-0.647159
0.01,13.28,0.755847,-0.65475
0.01,13.29,0.749262,-0.662276
0.01,13.3,0.742602,-0.669735
0.01,13.31,0.735867,-0.677128
0.01,13.32,0.729059,-0.684453
0.01,13.33,0.722178,-0.691709
0.01,13.34,0.715225,-0.698896
0.01,13.35,0.708201,-0.706014
0.01,13.36,0.701105,-0.71306
0.01,13.37,0.693939,-0.720036
0.01,13.38,0.686704,-0.726939
0.01,13.39,0.679401,-0.73377
0.01,13.4,0.672029,-0.740527
0.01,13.41,0.66459,-0.74721
0.01,13.42,0.657085,-0.753819
0.01,13.43,0.649514,-0.760352
0.01,13.44,0.641878,-0.766809
0.01,13.45,0.634177,-0.77319
0.01,13.46,0.626414,-0.779493
0.01,13.47,0.618588,-0.785718
0.01,13.48,0.610699,-0.791865
0.01,13.49,0.60275,-0.797932
0.01,13.5,0.594741,-0.80392
0.01,13.51,0.586672,-0.809827
0.01,13.52,0.578544,-0.815653
0.01,13.53,0.570359,-0.821398
0.01,13.54,0.562116,-0.82706
0.01,13.55,0.553818,-0.83264
0.01,13.56,0.545464,-0.838137
0.01,13.57,0.537055,-0.843549
0.01,13.58,0.528593,-0.848878
0.01,13.59,0.520077,-0.854121
0.01,13.6,0.51151,-0.859279
0.01,13.61,0.502892,-0.864351
0.01,13.62,0.494223,-0.869337
0.01,13.63,0.485505,-0.874236
0.01,13.64,0.476738,-0.879047
0.01,13.65,0.467924,-0.883771
0.01,13.66,0.459063,-0.888406
0.01,13.67,0.450156,-0.892952
0.01,13.68,0.441204,-0.897409
0.01,13.69,0.432208,-0.901776
0.01,13.7,0.423168,-0.906053
0.01,13.71,0.414087,-0.910239
0.01,13.72,0.404964,-0.914335
0.01,13.73,0.3958,-0.918339
0.01,13.74,0.386597,-0.922251
0.01,13.75,0.377355,-0.926071
0.01,13.76,0.368075,-0.929798
0.01,13.77,0.358759,-0.933432
0.01,13.78,0.349407,-0.936973
0.01,13.79,0.34002,-0.94042
0.01,13.8,0.330598,-0.943773
0.01,13.81,0.321144,-0.947032
0.01,13.82,0.311658,-0.950196
0.01,13.83,0.30214,-0.953265
0.01,13.84,0.292592,-0.956239
0.01,13.85,0.283015,-0.959117
0.01,13.86,0.27341,-0.961899
0.01,13.87,0.263777,-0.964585
0.01,13.88,0.254118,-0.967175
0.01,13.89,0.244434,-0.969668
0.01,13.9,0.234725,-0.972064
0.01,13.91,0.224993,-0.974362
0.01,13.92,0.215238,-0.976563
0.01,13.93,0.205461,-0.978667
0.01,13.94,0.195664,-0.980673
0.01,13.95,0.185848,-0.98258
0.01,13.96,0.176013,-0.98439
0.01,13.97,0.16616,-0.986101
0.01,13.98,0.156291,-0.987713
0.01,13.99,0.146406,-0.989226
0.01,14,0.136506,-0.990641
0.01,14.01,0.126593,-0.991956
0.01,14.02,0.116667,-0.993173
0.01,14.03,0.10673,-0.99429
0.01,14.04,0.0967814,-0.995307
0.01,14.05,0.0868235,-0.996225
0.01,14.06,0.0768569,-0.997044
0.01,14.07,0.0668826,-0.997763
0.01,14.08,0.0569016,-0.998382
0.01,14.09,0.046915,-0.998901
0.01,14.1,0.0369236,-0.99932
0.01,14.11,0.0269286,-0.999639
0.01,14.12,0.0169308,-0.999858
0.01,14.13,0.0069314,-0.999978
0.01,14.14,-0.00306872,-0.999997
0.01,14.15,-0.0130685,-0.999916
0.01,14.16,-0.023067,-0.999736
0.01,14.17,-0.0330633,-0.999455
0.01,14.18,-0.0430561,-0.999074
0.01,14.19,-0.0530447,-0.998594
0.01,14.2,-0.063028,-0.998014
0.01,14.21,-0.073005,-0.997333
0.01,14.22,-0.0829747,-0.996553
0.01,14.23,-0.0929361,-0.995674
0.01,14.24,-0.102888,-0.994695
0.01,14.25,-0.11283,-0.993616
0.01,14.26,-0.12276,-0.992438
0.01,14.27,-0.132679,-0.991161
0.01,14.28,-0.142584,-0.989785
0.01,14.29,-0.152474,-0.988309
0.01,14.3,-0.16235,-0.986735
0.01,14.31,-0.172209,-0.985062
0.01,14.32,-0.182051,-0.983291
0.01,14.33,-0.191875,-0.981421
0.01,14.34,-0.20168,-0.979453
0.01,14.35,-0.211464,-0.977388
0.01,14.36,-0.221227,-0.975224
0.01,14.37,-0.230968,-0.972963
0.01,14.38,-0.240687,-0.970605
0.01,14.39,-0.250381,-0.968149
0.01,14.4,-0.26005,-0.965597
0.01,14.41,-0.269693,-0.962948
0.01,14.42,-0.279309,-0.960203
0.01,14.43,-0.288897,-0.957362
0.01,14.44,-0.298456,-0.954425
0.01,14.45,-0.307985,-0.951393
0.01,14.46,-0.317484,-0.948266
0.01,14.47,-0.32695,-0.945043
0.01,14.48,-0.336385,-0.941727
0.01,14.49,-0.345785,-0.938316
0.01,14.5,-0.355151,-0.934811
0.01,14.51,-0.364481,-0.931213
0.01,14.52,-0.373775,-0.927521
0.01,14.53,-0.383032,-0.923737
0.01,14.54,-0.39225,-0.919861
0.01,14.55,-0.401429,-0.915892
0.01,14.56,-0.410568,-0.911832
0.01,14.57,-0.419665,-0.907681
0.01,14.58,-0.428721,-0.903439
0.01,14.59,-0.437734,-0.899106
0.01,14.6,-0.446703,-0.894684
0.01,14.61,-0.455628,-0.890172
0.01,14.62,-0.464507,-0.885572
0.01,14.63,-0.473339,-0.880882
0.01,14.64,-0.482125,-0.876105
0.01,14.65,-0.490861,-0.87124
0.01,14.66,-0.499549,-0.866288
0.01,14.67,-0.508187,-0.861249
0.01,14.68,-0.516774,-0.856124
0.01,14.69,-0.52531,-0.850913
0.01,14.7,-0.533793,-0.845618
0.01,14.71,-0.542222,-0.840237
0.01,14.72,-0.550597,-0.834773
0.01,14.73,-0.558918,-0.829225
0.01,14.74,-0.567182,-0.823595
0.01,14.75,-0.575389,-0.817882
0.01,14.76,-0.583539,-0.812087
0.01,14.77,-0.591631,-0.806211
0.01,14.78,-0.599664,-0.800254
0.01,14.79,-0.607636,-0.794218
0.01,14.8,-0.615548,-0.788102
0.01,14.81,-0.623398,-0.781907
0.01,14.82,-0.631186,-0.775634
0.01,14.83,-0.638911,-0.769283
0.01,14.84,-0.646572,-0.762856
0.01,14.85,-0.654168,-0.756352
0.01,14.86,-0.661699,-0.749772
0.01,14.87,-0.669164,-0.743118
0.01,14.88,-0.676561,-0.736389
0.01,14.89,-0.683891,-0.729586
0.01,14.9,-0.691153,-0.722711
0.01,14.91,-0.698346,-0.715763
0.01,14.92,-0.705468,-0.708744
0.01,14.93,-0.71252,-0.701654
0.01,14.94,-0.719501,-0.694494
0.01,14.95,-0.72641,-0.687264
0.01,14.96,-0.733247,-0.679966
0.01,14.97,-0.74001,-0.672599
0.01,14.98,-0.746699,-0.665165
0.01,14.99,-0.753313,-0.657665
0.01,15,-0.759852,-0.650099
0.01,15.01,-0.766315,-0.642468
0.01,15.02,-0.772701,-0.634773
0.01,15.03,-0.77901,-0.627014
0.01,15.04,-0.785242,-0.619193
0.01,15.05,-0.791394,-0.611309
0.01,15.06,-0.797468,-0.603365
0.01,15.07,-0.803461,-0.59536
0.01,15.08,-0.809375,-0.587296
0.01,15.09,-0.815207,-0.579172
0.01,15.1,-0.820958,-0.570991
0.01,15.11,-0.826627,-0.562753
0.01,15.12,-0.832213,-0.554459
0.01,15.13,-0.837716,-0.546109
0.01,15.14,-0.843136,-0.537704
0.01,15.15,-0.848471,-0.529246
0.01,15.16,-0.853721,-0.520735
0.01,15.17,-0.858885,-0.512172
0.01,15.18,-0.863964,-0.503557
0.01,15.19,-0.868956,-0.494893
0.01,15.2,-0.873862,-0.486178
0.01,15.21,-0.87868,-0.477415
0.01,15.22,-0.88341,-0.468605
0.01,15.23,-0.888052,-0.459747
0.01,15.24,-0.892605,-0.450844
0.01,15.25,-0.897069,-0.441895
0.01,15.26,-0.901443,-0.432902
0.01,15.27,-0.905727,-0.423866
0.01,15.28,-0.90992,-0.414788
0.01,15.29,-0.914023,-0.405668
0.01,15.3,-0.918034,-0.396507
0.01,15.31,-0.921953,-0.387307
0.01,15.32,-0.92578,-0.378068
0.01,15.33,-0.929514,-0.368791
0.01,15.34,-0.933156,-0.359478
0.01,15.35,-0.936704,-0.350128
0.01,15.36,-0.940158,-0.340744
0.01,15.37,-0.943519,-0.331325
0.01,15.38,-0.946785,-0.321873
0.01,15.39,-0.949956,-0.31239
0.01,15.4,-0.953033,-0.302874
0.01,15.41,-0.956014,-0.293329
0.01,15.42,-0.958899,-0.283754
0.01,15.43,-0.961689,-0.274151
0.01,15.44,-0.964382,-0.26452
0.01,15.45,-0.966979,-0.254863
0.01,15.46,-0.969479,-0.245181
0.01,15.47,-0.971883,-0.235474
0.01,15.48,-0.974189,-0.225743
0.01,15.49,-0.976398,-0.21599
0.01,15.5,-0.978509,-0.206215
0.01,15.51,-0.980522,-0.19642
0.01,15.52,-0.982437,-0.186605
0.01,15.53,-0.984254,-0.176771
0.01,15.54,-0.985972,-0.16692
0.01,15.55,-0.987592,-0.157052
0.01,15.56,-0.989114,-0.147168
0.01,15.57,-0.990536,-0.137269
0.01,15.58,-0.991859,-0.127357
0.01,15.59,-0.993083,-0.117432
0.01,15.6,-0.994208,-0.107495
0.01,15.61,-0.995233,-0.0975479
0.01,15.62,-0.996159,-0.0875907
0.01,15.63,-0.996985,-0.0776248
0.01,15.64,-0.997711,-0.067651
0.01,15.65,-0.998338,-0.0576705
0.01,15.66,-0.998864,-0.0476843
0.01,15.67,-0.999291,-0.0376933
0.01,15.68,-0.999618,-0.0276985
0.01,15.69,-0.999845,-0.0177009
0.01,15.7,-0.999972,-0.00770155
0.01,15.71,-0.999999,0.00229856
0.01,15.72,-0.999926,0.0122984
0.01,15.73,-0.999753,0.0222971
0.01,15.74,-0.99948,0.0322935
0.01,15.75,-0.999107,0.0422867
0.01,15.76,-0.998635,0.0522757
0.01,15.77,-0.998062,0.0622594
0.01,15.78,-0.997389,0.0722369
0.01,15.79,-0.996617,0.0822072
0.01,15.8,-0.995745,0.0921692
0.01,15.81,-0.994774,0.102122
0.01,15.82,-0.993703,0.112065
0.01,15.83,-0.992533,0.121996
0.01,15.84,-0.991263,0.131915
0.01,15.85,-0.989894,0.141821
0.01,15.86,-0.988427,0.151713
0.01,15.87,-0.98686,0.16159
0.01,15.88,-0.985195,0.17145
0.01,15.89,-0.983431,0.181294
0.01,15.9,-0.981569,0.191119
0.01,15.91,-0.979609,0.200925
0.01,15.92,-0.97755,0.210711
0.01,15.93,-0.975394,0.220476
0.01,15.94,-0.973141,0.230219
0.01,15.95,-0.97079,0.239939
0.01,15.96,-0.968342,0.249635
0.01,15.97,-0.965797,0.259306
0.01,15.98,-0.963156,0.268951
0.01,15.99,-0.960418,0.278569
0.01,16,-0.957585,0.288159
0.01,16.01,-0.954655,0.297721
0.01,16.02,-0.95163,0.307252
0.01,16.03,-0.94851,0.316753
0.01,16.04,-0.945295,0.326223
0.01,16.05,-0.941986,0.335659
0.01,16.06,-0.938582,0.345062
0.01,16.07,-0.935084,0.354431
0.01,16.08,-0.931493,0.363764
0.01,16.09,-0.927809,0.373061
0.01,16.1,-0.924032,0.38232
0.01,16.11,-0.920163,0.391541
0.01,16.12,-0.916201,0.400723
0.01,16.13,-0.912148,0.409865
0.01,16.14,-0.908004,0.418966
0.01,16.15,-0.903769,0.428025
0.01,16.16,-0.899443,0.437042
0.01,16.17,-0.895028,0.446014
0.01,16.18,-0.890523,0.454942
0.01,16.19,-0.885929,0.463825
0.01,16.2,-0.881247,0.472661
0.01,16.21,-0.876476,0.48145
0.01,16.22,-0.871618,0.49019
0.01,16.23,-0.866672,0.498882
0.01,16.24,-0.86164,0.507524
0.01,16.25,-0.856522,0.516115
0.01,16.26,-0.851318,0.524654
0.01,16.27,-0.846029,0.533141
0.01,16.28,-0.840655,0.541575
0.01,16.29,-0.835197,0.549954
0.01,16.3,-0.829656,0.558279
0.01,16.31,-0.824032,0.566547
0.01,16.32,-0.818325,0.574759
0.01,16.33,-0.812536,0.582914
0.01,16.34,-0.806667,0.59101
0.01,16.35,-0.800716,0.599047
0.01,16.36,-0.794686,0.607025
0.01,16.37,-0.788576,0.614941
0.01,16.38,-0.782387,0.622796
0.01,16.39,-0.77612,0.630589
0.01,16.4,-0.769775,0.638318
0.01,16.41,-0.763353,0.645984
0.01,16.42,-0.756855,0.653585
0.01,16.43,-0.750282,0.661121
0.01,16.44,-0.743633,0.668591
0.01,16.45,-0.73691,0.675994
0.01,16.46,-0.730113,0.683329
0.01,16.47,-0.723243,0.690596
0.01,16.48,-0.716301,0.697794
0.01,16.49,-0.709287,0.704922
0.01,16.5,-0.702203,0.71198
0.01,16.51,-0.695048,0.718966
0.01,16.52,-0.687823,0.725881
0.01,16.53,-0.68053,0.732723
0.01,16.54,-0.673169,0.739492
0.01,16.55,-0.66574,0.746186
0.01,16.56,-0.658245,0.752806
0.01,16.57,-0.650684,0.759351
0.01,16.58,-0.643058,0.76582
0.01,16.59,-0.635368,0.772212
0.01,16.6,-0.627614,0.778527
0.01,16.61,-0.619797,0.784765
0.01,16.62,-0.611919,0.790923
0.01,16.63,-0.603979,0.797003
0.01,16.64,-0.595979,0.803003
0.01,16.65,-0.587919,0.808923
0.01,16.66,-0.5798,0.814761
0.01,16.67,-0.571624,0.820519
0.01,16.68,-0.56339,0.826194
0.01,16.69,-0.5551,0.831786
0.01,16.7,-0.546754,0.837296
0.01,16.71,-0.538354,0.842721
0.01,16.72,-0.5299,0.848063
0.01,16.73,-0.521393,0.853319
0.01,16.74,-0.512833,0.858491
0.01,16.75,-0.504223,0.863576
0.01,16.76,-0.495562,0.868575
0.01,16.77,-0.486851,0.873487
0.01,16.78,-0.478092,0.878312
0.01,16.79,-0.469285,0.883049
0.01,16.8,-0.460431,0.887698
0.01,16.81,-0.451531,0.892258
0.01,16.82,-0.442586,0.896728
0.01,16.83,-0.433596,0.901109
0.01,16.84,-0.424564,0.9054
0.01,16.85,-0.415488,0.909601
0.01,16.86,-0.406372,0.91371
0.01,16.87,-0.397214,0.917728
0.01,16.88,-0.388017,0.921654
0.01,16.89,-0.378781,0.925489
0.01,16.9,-0.369507,0.92923
0.01,16.91,-0.360197,0.932879
0.01,16.92,-0.35085,0.936434
0.01,16.93,-0.341468,0.939896
0.01,16.94,-0.332052,0.943263
0.01,16.95,-0.322603,0.946537
0.01,16.96,-0.313121,0.949715
0.01,16.97,-0.303608,0.952799
0.01,16.98,-0.294065,0.955788
0.01,16.99,-0.284493,0.95868
0.01,17,-0.274892,0.961477
0.01,17.01,-0.265263,0.964178
0.01,17.02,-0.255608,0.966783
0.01,17.03,-0.245927,0.96929
0.01,17.04,-0.236222,0.971701
0.01,17.05,-0.226493,0.974015
0.01,17.06,-0.216742,0.976231
0.01,17.07,-0.206969,0.97835
0.01,17.08,-0.197175,0.980371
0.01,17.09,-0.187361,0.982293
0.01,17.1,-0.177529,0.984118
0.01,17.11,-0.167679,0.985844
0.01,17.12,-0.157812,0.987471
0.01,17.13,-0.14793,0.989
0.01,17.14,-0.138032,0.99043
0.01,17.15,-0.128121,0.991761
0.01,17.16,-0.118197,0.992992
0.01,17.17,-0.108261,0.994125
0.01,17.18,-0.0983144,0.995158
0.01,17.19,-0.0883579,0.996091
0.01,17.2,-0.0783926,0.996925
0.01,17.21,-0.0684194,0.997659
0.01,17.22,-0.0584394,0.998293
0.01,17.23,-0.0484536,0.998828
0.01,17.24,-0.0384629,0.999262
0.01,17.25,-0.0284683,0.999597
0.01,17.26,-0.0184709,0.999832
0.01,17.27,-0.00847169,0.999966
0.01,17.28,0.0015284,1
0.01,17.29,0.0115283,0.999936
0.01,17.3,0.0215271,0.99977
0.01,17.31,0.0315237,0.999505
0.01,17.32,0.0415172,0.99914
0.01,17.33,0.0515065,0.998675
0.01,17.34,0.0614907,0.99811
0.01,17.35,0.0714687,0.997445
0.01,17.36,0.0814396,0.99668
0.01,17.37,0.0914023,0.995816
0.01,17.38,0.101356,0.994852
0.01,17.39,0.111299,0.993789
0.01,17.4,0.121232,0.992626
0.01,17.41,0.131152,0.991364
0.01,17.42,0.141059,0.990003
0.01,17.43,0.150952,0.988543
0.01,17.44,0.16083,0.986984
0.01,17.45,0.170692,0.985327
0.01,17.46,0.180536,0.983571
0.01,17.47,0.190363,0.981716
0.01,17.48,0.200171,0.979763
0.01,17.49,0.209958,0.977713
0.01,17.5,0.219725,0.975564
0.01,17.51,0.22947,0.973318
0.01,17.52,0.239191,0.970975
0.01,17.53,0.248889,0.968534
0.01,17.54,0.258562,0.965997
0.01,17.55,0.268209,0.963363
0.01,17.56,0.277829,0.960633
0.01,17.57,0.287422,0.957806
0.01,17.58,0.296985,0.954884
0.01,17.59,0.306519,0.951867
0.01,17.6,0.316023,0.948754
0.01,17.61,0.325494,0.945546
0.01,17.62,0.334934,0.942244
0.01,17.63,0.344339,0.938848
0.01,17.64,0.353711,0.935357
0.01,17.65,0.363047,0.931773
0.01,17.66,0.372346,0.928096
0.01,17.67,0.381608,0.924326
0.01,17.68,0.390833,0.920464
0.01,17.69,0.400018,0.91651
0.01,17.7,0.409163,0.912464
0.01,17.71,0.418267,0.908327
0.01,17.72,0.427329,0.904098
0.01,17.73,0.436349,0.89978
0.01,17.74,0.445325,0.895371
0.01,17.75,0.454256,0.890873
0.01,17.76,0.463142,0.886286
0.01,17.77,0.471982,0.881611
0.01,17.78,0.480775,0.876847
0.01,17.79,0.489519,0.871995
0.01,17.8,0.498215,0.867056
0.01,17.81,0.50686,0.862031
0.01,17.82,0.515455,0.856919
0.01,17.83,0.523999,0.851722
0.01,17.84,0.53249,0.846439
0.01,17.85,0.540927,0.841072
0.01,17.86,0.549311,0.835621
0.01,17.87,0.55764,0.830086
0.01,17.88,0.565913,0.824468
0.01,17.89,0.574129,0.818767
0.01,17.9,0.582288,0.812985
0.01,17.91,0.590389,0.807122
0.01,17.92,0.598431,0.801177
0.01,17.93,0.606412,0.795153
0.01,17.94,0.614334,0.789049
0.01,17.95,0.622193,0.782866
0.01,17.96,0.629991,0.776605
0.01,17.97,0.637725,0.770267
0.01,17.98,0.645396,0.763851
0.01,17.99,0.653003,0.757359
0.01,18,0.660543,0.750791
0.01,18.01,0.668018,0.744148
0.01,18.02,0.675426,0.73743
0.01,18.03,0.682767,0.730639
0.01,18.04,0.690039,0.723775
0.01,18.05,0.697242,0.716839
0.01,18.06,0.704376,0.70983
0.01,18.07,0.711439,0.702751
0.01,18.08,0.718431,0.695601
0.01,18.09,0.725351,0.688382
0.01,18.1,0.732199,0.681094
0.01,18.11,0.738973,0.673738
0.01,18.12,0.745673,0.666315
0.01,18.13,0.752299,0.658825
0.01,18.14,0.75885,0.651269
0.01,18.15,0.765325,0.643648
0.01,18.16,0.771723,0.635963
0.01,18.17,0.778044,0.628214
0.01,18.18,0.784287,0.620402
0.01,18.19,0.790452,0.612528
0.01,18.2,0.796538,0.604593
0.01,18.21,0.802544,0.596597
0.01,18.22,0.80847,0.588542
0.01,18.23,0.814315,0.580428
0.01,18.24,0.820078,0.572255
0.01,18.25,0.82576,0.564026
0.01,18.26,0.831359,0.55574
0.01,18.27,0.836875,0.547399
0.01,18.28,0.842307,0.539003
0.01,18.29,0.847655,0.530553
0.01,18.3,0.852918,0.52205
0.01,18.31,0.858096,0.513494
0.01,18.32,0.863188,0.504888
0.01,18.33,0.868193,0.496231
0.01,18.34,0.873112,0.487524
0.01,18.35,0.877944,0.478768
0.01,18.36,0.882688,0.469965
0.01,18.37,0.887343,0.461115
0.01,18.38,0.89191,0.452218
0.01,18.39,0.896388,0.443276
0.01,18.4,0.900775,0.43429
0.01,18.41,0.905073,0.425261
0.01,18.42,0.909281,0.416189
0.01,18.43,0.913397,0.407075
0.01,18.44,0.917422,0.397921
0.01,18.45,0.921356,0.388727
0.01,18.46,0.925197,0.379494
0.01,18.47,0.928945,0.370223
0.01,18.48,0.932601,0.360915
0.01,18.49,0.936164,0.351571
0.01,18.5,0.939633,0.342192
0.01,18.51,0.943008,0.332778
0.01,18.52,0.946288,0.323332
0.01,18.53,0.949474,0.313853
0.01,18.54,0.952565,0.304342
0.01,18.55,0.955561,0.294801
0.01,18.56,0.958461,0.285231
0.01,18.57,0.961266,0.275632
0.01,18.58,0.963974,0.266006
0.01,18.59,0.966586,0.256353
0.01,18.6,0.969101,0.246674
0.01,18.61,0.971519,0.23697
0.01,18.62,0.97384,0.227243
0.01,18.63,0.976064,0.217494
0.01,18.64,0.97819,0.207722
0.01,18.65,0.980219,0.19793
0.01,18.66,0.982149,0.188118
0.01,18.67,0.983981,0.178287
0.01,18.68,0.985715,0.168438
0.01,18.69,0.98735,0.158573
0.01,18.7,0.988886,0.148691
0.01,18.71,0.990324,0.138795
0.01,18.72,0.991662,0.128885
0.01,18.73,0.992901,0.118962
0.01,18.74,0.994041,0.109027
0.01,18.75,0.995082,0.0990808
0.01,18.76,0.996023,0.0891251
0.01,18.77,0.996864,0.0791604
0.01,18.78,0.997606,0.0691878
0.01,18.79,0.998248,0.0592083
0.01,18.8,0.99879,0.0492228
0.01,18.81,0.999232,0.0392325
0.01,18.82,0.999575,0.0292382
0.01,18.83,0.999817,0.019241
0.01,18.84,0.99996,0.00924182
0.01,18.85,1,-0.000758237
0.01,18.86,0.999944,-0.0107582
0.01,18.87,0.999787,-0.0207571
0.01,18.88,0.999529,-0.030754
0.01,18.89,0.999172,-0.0407477
0.01,18.9,0.998714,-0.0507374
0.01,18.91,0.998157,-0.060722
0.01,18.92,0.9975,-0.0707005
0.01,18.93,0.996743,-0.080672
0.01,18.94,0.995887,-0.0906354
0.01,18.95,0.99493,-0.10059
0.01,18.96,0.993875,-0.110534
0.01,18.97,0.99272,-0.120467
0.01,18.98,0.991465,-0.130388
0.01,18.99,0.990112,-0.140297
0.01,19,0.988659,-0.150191
0.01,19.01,0.987108,-0.16007
0.01,19.02,0.985458,-0.169933
0.01,19.03,0.983709,-0.179779
0.01,19.04,0.981862,-0.189607
0.01,19.05,0.979917,-0.199416
0.01,19.06,0.977874,-0.209205
0.01,19.07,0.975733,-0.218974
0.01,19.08,0.973495,-0.22872
0.01,19.09,0.971159,-0.238444
0.01,19.1,0.968726,-0.248143
0.01,19.11,0.966196,-0.257818
0.01,19.12,0.963569,-0.267467
0.01,19.13,0.960847,-0.277089
0.01,19.14,0.958028,-0.286684
0.01,19.15,0.955113,-0.29625
0.01,19.16,0.952103,-0.305786
0.01,19.17,0.948997,-0.315292
0.01,19.18,0.945797,-0.324766
0.01,19.19,0.942502,-0.334208
0.01,19.2,0.939113,-0.343616
0.01,19.21,0.93563,-0.35299
0.01,19.22,0.932053,-0.362329
0.01,19.23,0.928383,-0.371631
0.01,19.24,0.92462,-0.380897
0.01,19.25,0.920765,-0.390124
0.01,19.26,0.916818,-0.399312
0.01,19.27,0.912779,-0.40846
0.01,19.28,0.908649,-0.417567
0.01,19.29,0.904427,-0.426633
0.01,19.3,0.900116,-0.435656
0.01,19.31,0.895714,-0.444635
0.01,19.32,0.891223,-0.45357
0.01,19.33,0.886643,-0.46246
0.01,19.34,0.881974,-0.471303
0.01,19.35,0.877217,-0.480099
0.01,19.36,0.872372,-0.488847
0.01,19.37,0.86744,-0.497547
0.01,19.38,0.862421,-0.506196
0.01,19.39,0.857316,-0.514795
0.01,19.4,0.852125,-0.523343
0.01,19.41,0.846849,-0.531838
0.01,19.42,0.841488,-0.54028
0.01,19.43,0.836044,-0.548667
0.01,19.44,0.830515,-0.557
0.01,19.45,0.824904,-0.565278
0.01,19.46,0.81921,-0.573499
0.01,19.47,0.813434,-0.581662
0.01,19.48,0.807576,-0.589767
0.01,19.49,0.801638,-0.597813
0.01,19.5,0.79562,-0.6058
0.01,19.51,0.789522,-0.613726
0.01,19.52,0.783346,-0.62159
0.01,19.53,0.77709,-0.629393
0.01,19.54,0.770758,-0.637132
0.01,19.55,0.764348,-0.644808
0.01,19.56,0.757862,-0.652419
0.01,19.57,0.751299,-0.659965
0.01,19.58,0.744662,-0.667445
0.01,19.59,0.737951,-0.674858
0.01,19.6,0.731165,-0.682204
0.01,19.61,0.724306,-0.689482
0.01,19.62,0.717375,-0.69669
0.01,19.63,0.710373,-0.703829
0.01,19.64,0.703299,-0.710898
0.01,19.65,0.696155,-0.717895
0.01,19.66,0.688941,-0.724821
0.01,19.67,0.681658,-0.731674
0.01,19.68,0.674307,-0.738454
0.01,19.69,0.666889,-0.74516
0.01,19.7,0.659404,-0.751792
0.01,19.71,0.651853,-0.758348
0.01,19.72,0.644237,-0.764829
0.01,19.73,0.636557,-0.771233
0.01,19.74,0.628813,-0.77756
0.01,19.75,0.621006,-0.783809
0.01,19.76,0.613136,-0.78998
0.01,19.77,0.605206,-0.796072
0.01,19.78,0.597215,-0.802084
0.01,19.79,0.589164,-0.808016
0.01,19.8,0.581055,-0.813868
0.01,19.81,0.572887,-0.819637
0.01,19.82,0.564662,-0.825325
0.01,19.83,0.55638,-0.830931
0.01,19.84,0.548043,-0.836453
0.01,19.85,0.539651,-0.841892
0.01,19.86,0.531206,-0.847246
0.01,19.87,0.522707,-0.852516
0.01,19.88,0.514155,-0.8577
0.01,19.89,0.505553,-0.862799
0.01,19.9,0.496899,-0.867811
0.01,19.91,0.488196,-0.872737
0.01,19.92,0.479445,-0.877575
0.01,19.93,0.470645,-0.882326
0.01,19.94,0.461798,-0.886988
0.01,19.95,0.452905,-0.891562
0.01,19.96,0.443967,-0.896046
0.01,19.97,0.434984,-0.900441
0.01,19.98,0.425958,-0.904746
0.01,19.99,0.416889,-0.90896
0.01,20,0.407779,-0.913084
0.01,20.01,0.398628,-0.917116
0.01,20.02,0.389436,-0.921056
0.01,20.03,0.380206,-0.924904
0.01,20.04,0.370938,-0.92866
0.01,20.05,0.361633,-0.932323
0.01,20.06,0.352292,-0.935893
0.01,20.07,0.342915,-0.939369
0.01,20.08,0.333505,-0.942751
0.01,20.09,0.32406,-0.946039
0.01,20.1,0.314584,-0.949232
0.01,20.11,0.305076,-0.952331
0.01,20.12,0.295537,-0.955334
0.01,20.13,0.285969,-0.958241
0.01,20.14,0.276372,-0.961053
0.01,20.15,0.266748,-0.963769
0.01,20.16,0.257097,-0.966388
0.01,20.17,0.24742,-0.968911
0.01,20.18,0.237719,-0.971337
0.01,20.19,0.227993,-0.973665
0.01,20.2,0.218245,-0.975897
0.01,20.21,0.208476,-0.97803
0.01,20.22,0.198685,-0.980066
0.01,20.23,0.188874,-0.982004
0.01,20.24,0.179045,-0.983844
0.01,20.25,0.169197,-0.985585
0.01,20.26,0.159333,-0.987227
0.01,20.27,0.149453,-0.988771
0.01,20.28,0.139558,-0.990217
0.01,20.29,0.129648,-0.991563
0.01,20.3,0.119726,-0.992809
0.01,20.31,0.109792,-0.993957
0.01,20.32,0.0998472,-0.995005
0.01,20.33,0.0898921,-0.995954
0.01,20.34,0.0799281,-0.996803
0.01,20.35,0.0699561,-0.997553
0.01,20.36,0.0599771,-0.998202
0.01,20.37,0.049992,-0.998752
0.01,20.38,0.040002,-0.999202
0.01,20.39,0.030008,-0.999552
0.01,20.4,0.020011,-0.999802
0.01,20.41,0.010012,-0.999952
0.01,20.42,1.19252e-05,-1
0.01,20.43,-0.0099881,-0.999953
0.01,20.44,-0.0199871,-0.999803
0.01,20.45,-0.0299842,-0.999553
0.01,20.46,-0.0399782,-0.999203
0.01,20.47,-0.0499682,-0.998753
0.01,20.48,-0.0599533,-0.998204
0.01,20.49,-0.0699323,-0.997554
0.01,20.5,-0.0799043,-0.996805
0.01,20.51,-0.0898684,-0.995956
0.01,20.52,-0.0998235,-0.995008
0.01,20.53,-0.109769,-0.99396
0.01,20.54,-0.119703,-0.992812
0.01,20.55,-0.129625,-0.991566
0.01,20.56,-0.139534,-0.99022
0.01,20.57,-0.149429,-0.988775
0.01,20.58,-0.159309,-0.987231
0.01,20.59,-0.169174,-0.985589
0.01,20.6,-0.179021,-0.983848
0.01,20.61,-0.188851,-0.982008
0.01,20.62,-0.198661,-0.980071
0.01,20.63,-0.208452,-0.978035
0.01,20.64,-0.218222,-0.975902
0.01,20.65,-0.22797,-0.973671
0.01,20.66,-0.237696,-0.971342
0.01,20.67,-0.247397,-0.968917
0.01,20.68,-0.257074,-0.966394
0.01,20.69,-0.266725,-0.963775
0.01,20.7,-0.276349,-0.96106
0.01,20.71,-0.285946,-0.958248
0.01,20.72,-0.295514,-0.955341
0.01,20.73,-0.305053,-0.952338
0.01,20.74,-0.314561,-0.94924
0.01,20.75,-0.324038,-0.946047
0.01,20.76,-0.333482,-0.942759
0.01,20.77,-0.342893,-0.939377
0.01,20.78,-0.35227,-0.935901
0.01,20.79,-0.361611,-0.932332
0.01,20.8,-0.370916,-0.928669
0.01,20.81,-0.380184,-0.924914
0.01,20.82,-0.389415,-0.921065
0.01,20.83,-0.398606,-0.917125
0.01,20.84,-0.407757,-0.913093
0.01,20.85,-0.416868,-0.90897
0.01,20.86,-0.425936,-0.904756
0.01,20.87,-0.434963,-0.900451
0.01,20.88,-0.443945,-0.896057
0.01,20.89,-0.452884,-0.891572
0.01,20.9,-0.461777,-0.886999
0.01,20.91,-0.470624,-0.882337
0.01,20.92,-0.479424,-0.877587
0.01,20.93,-0.488176,-0.872748
0.01,20.94,-0.496879,-0.867823
0.01,20.95,-0.505532,-0.862811
0.01,20.96,-0.514135,-0.857712
0.01,20.97,-0.522686,-0.852528
0.01,20.98,-0.531185,-0.847259
0.01,20.99,-0.539631,-0.841904
0.01,21,-0.548023,-0.836466
0.01,21.01,-0.556361,-0.830944
0.01,21.02,-0.564642,-0.825339
0.01,21.03,-0.572868,-0.819651
0.01,21.04,-0.581035,-0.813882
0.01,21.05,-0.589145,-0.80803
0.01,21.06,-0.597196,-0.802099
0.01,21.07,-0.605187,-0.796087
0.01,21.08,-0.613118,-0.789995
0.01,21.09,-0.620987,-0.783824
0.01,21.1,-0.628794,-0.777575
0.01,21.11,-0.636539,-0.771248
0.01,21.12,-0.644219,-0.764844
0.01,21.13,-0.651835,-0.758364
0.01,21.14,-0.659386,-0.751808
0.01,21.15,-0.666872,-0.745176
0.01,21.16,-0.67429,-0.73847
0.01,21.17,-0.681641,-0.73169
0.01,21.18,-0.688924,-0.724837
0.01,21.19,-0.696138,-0.717912
0.01,21.2,-0.703282,-0.710915
0.01,21.21,-0.710356,-0.703846
0.01,21.22,-0.717359,-0.696708
0.01,21.23,-0.72429,-0.689499
0.01,21.24,-0.731149,-0.682222
0.01,21.25,-0.737935,-0.674876
0.01,21.26,-0.744646,-0.667463
0.01,21.27,-0.751284,-0.659983
0.01,21.28,-0.757846,-0.652437
0.01,21.29,-0.764333,-0.644826
0.01,21.3,-0.770743,-0.637151
0.01,21.31,-0.777076,-0.629411
0.01,21.32,-0.783331,-0.621609
0.01,21.33,-0.789508,-0.613745
0.01,21.34,-0.795606,-0.605819
0.01,21.35,-0.801624,-0.597833
0.01,21.36,-0.807562,-0.589787
0.01,21.37,-0.81342,-0.581681
0.01,21.38,-0.819196,-0.573518
0.01,21.39,-0.82489,-0.565298
0.01,21.4,-0.830502,-0.55702
0.01,21.41,-0.836031,-0.548688
0.01,21.42,-0.841476,-0.5403
0.01,21.43,-0.846837,-0.531858
0.01,21.44,-0.852113,-0.523363
0.01,21.45,-0.857304,-0.514816
0.01,21.46,-0.862409,-0.506217
0.01,21.47,-0.867428,-0.497568
0.01,21.48,-0.872361,-0.488868
0.01,21.49,-0.877206,-0.48012
0.01,21.5,-0.881963,-0.471324
0.01,21.51,-0.886632,-0.462481
0.01,21.52,-0.891213,-0.453592
0.01,21.53,-0.895704,-0.444657
0.01,21.54,-0.900106,-0.435678
0.01,21.55,-0.904418,-0.426655
0.01,21.56,-0.908639,-0.417589
0.01,21.57,-0.912769,-0.408482
0.01,21.58,-0.916809,-0.399334
0.01,21.59,-0.920756,-0.390146
0.01,21.6,-0.924611,-0.380919
0.01,21.61,-0.928374,-0.371654
0.01,21.62,-0.932045,-0.362351
0.01,21.63,-0.935621,-0.353013
0.01,21.64,-0.939105,-0.343639
0.01,21.65,-0.942494,-0.334231
0.01,21.66,-0.945789,-0.324789
0.01,21.67,-0.94899,-0.315315
0.01,21.68,-0.952096,-0.305809
0.01,21.69,-0.955106,-0.296273
0.01,21.7,-0.958021,-0.286707
0.01,21.71,-0.96084,-0.277112
0.01,21.72,-0.963563,-0.26749
0.01,21.73,-0.96619,-0.257841
0.01,21.74,-0.96872,-0.248166
0.01,21.75,-0.971153,-0.238467
0.01,21.76,-0.97349,-0.228743
0.01,21.77,-0.975728,-0.218997
0.01,21.78,-0.97787,-0.209229
0.01,21.79,-0.979913,-0.19944
0.01,21.8,-0.981858,-0.18963
0.01,21.81,-0.983706,-0.179802
0.01,21.82,-0.985454,-0.169956
0.01,21.83,-0.987105,-0.160093
0.01,21.84,-0.988656,-0.150214
0.01,21.85,-0.990109,-0.14032
0.01,21.86,-0.991463,-0.130412
0.01,21.87,-0.992717,-0.120491
0.01,21.88,-0.993872,-0.110558
0.01,21.89,-0.994928,-0.100613
0.01,21.9,-0.995885,-0.0906592
0.01,21.91,-0.996742,-0.0806958
0.01,21.92,-0.997499,-0.0707244
0.01,21.93,-0.998156,-0.0607458
0.01,21.94,-0.998714,-0.0507612
0.01,21.95,-0.999171,-0.0407716
0.01,21.96,-0.999529,-0.0307778
0.01,21.97,-0.999787,-0.020781
0.01,21.98,-0.999945,-0.0107821
0.01,21.99,-1,-0.000782088
0.01,22,-0.99996,0.00921798
0.01,22.01,-0.999818,0.0192171
0.01,22.02,-0.999576,0.0292143
0.01,22.03,-0.999234,0.0392086
0.01,22.04,-0.998792,0.049199
0.01,22.05,-0.99825,0.0591845
0.01,22.06,-0.997608,0.069164
0.01,22.07,-0.996867,0.0791366
0.01,22.08,-0.996025,0.0891013
0.01,22.09,-0.995085,0.0990571
0.01,22.1,-0.994044,0.109003
0.01,22.11,-0.992904,0.118938
0.01,22.12,-0.991665,0.128861
0.01,22.13,-0.990327,0.138771
0.01,22.14,-0.98889,0.148668
0.01,22.15,-0.987354,0.158549
0.01,22.16,-0.985719,0.168415
0.01,22.17,-0.983986,0.178264
0.01,22.18,-0.982154,0.188094
0.01,22.19,-0.980224,0.197907
0.01,22.2,-0.978196,0.207699
0.01,22.21,-0.97607,0.217471
0.01,22.22,-0.973846,0.22722
0.01,22.23,-0.971525,0.236947
0.01,22.24,-0.969107,0.246651
0.01,22.25,-0.966592,0.25633
0.01,22.26,-0.963981,0.265983
0.01,22.27,-0.961273,0.275609
0.01,22.28,-0.958469,0.285208
0.01,22.29,-0.955569,0.294779
0.01,22.3,-0.952573,0.30432
0.01,22.31,-0.949482,0.31383
0.01,22.32,-0.946296,0.323309
0.01,22.33,-0.943016,0.332756
0.01,22.34,-0.939641,0.342169
0.01,22.35,-0.936173,0.351549
0.01,22.36,-0.93261,0.360893
0.01,22.37,-0.928955,0.370201
0.01,22.38,-0.925206,0.379472
0.01,22.39,-0.921365,0.388705
0.01,22.4,-0.917432,0.397899
0.01,22.41,-0.913407,0.407054
0.01,22.42,-0.909291,0.416167
0.01,22.43,-0.905084,0.42524
0.01,22.44,-0.900786,0.434269
0.01,22.45,-0.896399,0.443255
0.01,22.46,-0.891921,0.452197
0.01,22.47,-0.887355,0.461094
0.01,22.48,-0.882699,0.469944
0.01,22.49,-0.877956,0.478748
0.01,22.5,-0.873124,0.487503
0.01,22.51,-0.868206,0.49621
0.01,22.52,-0.8632,0.504867
0.01,22.53,-0.858108,0.513474
0.01,22.54,-0.852931,0.52203
0.01,22.55,-0.847668,0.530533
0.01,22.56,-0.84232,0.538983
0.01,22.57,-0.836888,0.547379
0.01,22.58,-0.831372,0.555721
0.01,22.59,-0.825774,0.564007
0.01,22.6,-0.820092,0.572236
0.01,22.61,-0.814329,0.580409
0.01,22.62,-0.808484,0.588523
0.01,22.63,-0.802558,0.596578
0.01,22.64,-0.796553,0.604574
0.01,22.65,-0.790467,0.612509
0.01,22.66,-0.784302,0.620383
0.01,22.67,-0.778059,0.628195
0.01,22.68,-0.771738,0.635944
0.01,22.69,-0.76534,0.64363
0.01,22.7,-0.758866,0.651251
0.01,22.71,-0.752315,0.658807
0.01,22.72,-0.74569,0.666298
0.01,22.73,-0.738989,0.673721
0.01,22.74,-0.732215,0.681077
0.01,22.75,-0.725368,0.688365
0.01,22.76,-0.718448,0.695585
0.01,22.77,-0.711456,0.702734
0.01,22.78,-0.704393,0.709814
0.01,22.79,-0.69726,0.716822
0.01,22.8,-0.690057,0.723759
0.01,22.81,-0.682785,0.730623
0.01,22.82,-0.675444,0.737415
0.01,22.83,-0.668036,0.744132
0.01,22.84,-0.660562,0.750776
0.01,22.85,-0.653021,0.757344
0.01,22.86,-0.645415,0.763836
0.01,22.87,-0.637744,0.770252
0.01,22.88,-0.63001,0.776591
0.01,22.89,-0.622212,0.782852
0.01,22.9,-0.614353,0.789035
0.01,22.91,-0.606432,0.795139
0.01,22.92,-0.59845,0.801164
0.01,22.93,-0.590408,0.807108
0.01,22.94,-0.582308,0.812972
0.01,22.95,-0.574149,0.818754
0.01,22.96,-0.565933,0.824455
0.01,22.97,-0.55766,0.830073
0.01,22.98,-0.549331,0.835608
0.01,22.99,-0.540948,0.84106
0.01,23,-0.53251,0.846427
0.01,23.01,-0.524019,0.85171
0.01,23.02,-0.515476,0.856907
0.01,23.03,-0.506881,0.862019
0.01,23.04,-0.498236,0.867045
0.01,23.05,-0.48954,0.871984
0.01,23.06,-0.480796,0.876836
0.01,23.07,-0.472003,0.8816
0.01,23.08,-0.463164,0.886276
0.01,23.09,-0.454278,0.890863
0.01,23.1,-0.445347,0.895361
0.01,23.11,-0.436371,0.89977
0.01,23.12,-0.427351,0.904089
0.01,23.13,-0.418289,0.908317
0.01,23.14,-0.409185,0.912455
0.01,23.15,-0.40004,0.916501
0.01,23.16,-0.390855,0.920455
0.01,23.17,-0.381631,0.924318
0.01,23.18,-0.372368,0.928088
0.01,23.19,-0.363069,0.931765
0.01,23.2,-0.353733,0.935349
0.01,23.21,-0.344362,0.93884
0.01,23.22,-0.334956,0.942237
0.01,23.23,-0.325517,0.945539
0.01,23.24,-0.316046,0.948747
0.01,23.25,-0.306542,0.95186
0.01,23.26,-0.297008,0.954878
0.01,23.27,-0.287445,0.9578
0.01,23.28,-0.277852,0.960627
0.01,23.29,-0.268232,0.963357
0.01,23.3,-0.258585,0.965991
0.01,23.31,-0.248912,0.968529
0.01,23.32,-0.239215,0.97097
0.01,23.33,-0.229493,0.973313
0.01,23.34,-0.219748,0.97556
0.01,23.35,-0.209982,0.977708
0.01,23.36,-0.200194,0.979759
0.01,23.37,-0.190387,0.981712
0.01,23.38,-0.18056,0.983567
0.01,23.39,-0.170715,0.985323
0.01,23.4,-0.160854,0.986981
0.01,23.41,-0.150976,0.98854
0.01,23.42,-0.141083,0.990001
0.01,23.43,-0.131176,0.991362
0.01,23.44,-0.121255,0.992624
0.01,23.45,-0.111323,0.993787
0.01,23.46,-0.10138,0.994851
0.01,23.47,-0.0914262,0.995815
0.01,23.48,-0.0814634,0.996679
0.01,23.49,-0.0714926,0.997444
0.01,23.5,-0.0615146,0.998109
0.01,23.51,-0.0515304,0.998674
0.01,23.52,-0.0415411,0.99914
0.01,23.53,-0.0315476,0.999505
0.01,23.54,-0.021551,0.999771
0.01,23.55,-0.0115522,0.999936
0.01,23.56,-0.00155225,1
0.01,23.57,0.00844784,0.999967
0.01,23.58,0.0184471,0.999833
0.01,23.59,0.0284445,0.999598
0.01,23.6,0.0384391,0.999264
0.01,23.61,0.0484298,0.99883
0.01,23.62,0.0584157,0.998295
0.01,23.63,0.0683957,0.997661
0.01,23.64,0.0783689,0.996927
0.01,23.65,0.0883342,0.996094
0.01,23.66,0.0982908,0.995161
0.01,23.67,0.108237,0.994128
0.01,23.68,0.118173,0.992996
0.01,23.69,0.128097,0.991765
0.01,23.7,0.138009,0.990434
0.01,23.71,0.147906,0.989004
0.01,23.72,0.157789,0.987476
0.01,23.73,0.167656,0.985849
0.01,23.74,0.177506,0.984123
0.01,23.75,0.187338,0.982299
0.01,23.76,0.197152,0.980376
0.01,23.77,0.206946,0.978356
0.01,23.78,0.216719,0.976237
0.01,23.79,0.22647,0.974021
0.01,23.8,0.236199,0.971708
0.01,23.81,0.245904,0.969297
0.01,23.82,0.255585,0.96679
0.01,23.83,0.26524,0.964185
0.01,23.84,0.274869,0.961485
0.01,23.85,0.28447,0.958688
0.01,23.86,0.294043,0.955795
0.01,23.87,0.303586,0.952807
0.01,23.88,0.313099,0.949724
0.01,23.89,0.32258,0.946545
0.01,23.9,0.33203,0.943272
0.01,23.91,0.341446,0.939905
0.01,23.92,0.350828,0.936443
0.01,23.93,0.360175,0.932888
0.01,23.94,0.369485,0.92924
0.01,23.95,0.378759,0.925498
0.01,23.96,0.387995,0.921665
0.01,23.97,0.397193,0.917738
0.01,23.98,0.40635,0.913721
0.01,23.99,0.415467,0.909611
0.01,24,0.424542,0.905411
0.01,24.01,0.433575,0.901121
0.01,24.02,0.442565,0.89674
0.01,24.03,0.45151,0.892269
0.01,24.04,0.46041,0.88771
0.01,24.05,0.469264,0.883061
0.01,24.06,0.478071,0.878324
0.01,24.07,0.486831,0.8735
0.01,24.08,0.495541,0.868588
0.01,24.09,0.504203,0.863589
0.01,24.1,0.512813,0.858504
0.01,24.11,0.521373,0.853333
0.01,24.12,0.52988,0.848076
0.01,24.13,0.538334,0.842735
0.01,24.14,0.546735,0.83731
0.01,24.15,0.55508,0.8318
0.01,24.16,0.563371,0.826208
0.01,24.17,0.571605,0.820533
0.01,24.18,0.579781,0.814776
0.01,24.19,0.5879,0.808937
0.01,24.2,0.59596,0.803018
0.01,24.21,0.60396,0.797018
0.01,24.22,0.6119,0.790939
0.01,24.23,0.619779,0.78478
0.01,24.24,0.627596,0.778543
0.01,24.25,0.63535,0.772228
0.01,24.26,0.643041,0.765836
0.01,24.27,0.650667,0.759367
0.01,24.28,0.658228,0.752823
0.01,24.29,0.665723,0.746203
0.01,24.3,0.673152,0.739508
0.01,24.31,0.680513,0.73274
0.01,24.32,0.687807,0.725898
0.01,24.33,0.695031,0.718984
0.01,24.34,0.702186,0.711997
0.01,24.35,0.709271,0.70494
0.01,24.36,0.716285,0.697812
0.01,24.37,0.723228,0.690614
0.01,24.38,0.730098,0.683347
0.01,24.39,0.736895,0.676012
0.01,24.4,0.743618,0.66861
0.01,24.41,0.750267,0.66114
0.01,24.42,0.756841,0.653604
0.01,24.43,0.763339,0.646003
0.01,24.44,0.769761,0.638337
0.01,24.45,0.776106,0.630608
0.01,24.46,0.782373,0.622815
0.01,24.47,0.788562,0.61496
0.01,24.48,0.794672,0.607044
0.01,24.49,0.800703,0.599067
0.01,24.5,0.806653,0.59103
0.01,24.51,0.812523,0.582934
0.01,24.52,0.818312,0.57478
0.01,24.53,0.824019,0.566568
0.01,24.54,0.829643,0.558299
0.01,24.55,0.835185,0.549975
0.01,24.56,0.840643,0.541595
0.01,24.57,0.846017,0.533162
0.01,24.58,0.851306,0.524675
0.01,24.59,0.85651,0.516136
0.01,24.6,0.861629,0.507545
0.01,24.61,0.866661,0.498903
0.01,24.62,0.871607,0.490212
0.01,24.63,0.876465,0.481471
0.01,24.64,0.881236,0.472682
0.01,24.65,0.885919,0.463846
0.01,24.66,0.890513,0.454964
0.01,24.67,0.895018,0.446036
0.01,24.68,0.899434,0.437064
0.01,24.69,0.90376,0.428047
0.01,24.7,0.907995,0.418988
0.01,24.71,0.912139,0.409888
0.01,24.72,0.916193,0.400746
0.01,24.73,0.920154,0.391564
0.01,24.74,0.924024,0.382343
0.01,24.75,0.927801,0.373083
0.01,24.76,0.931486,0.363787
0.01,24.77,0.935077,0.354454
0.01,24.78,0.938575,0.345085
0.01,24.79,0.941979,0.335682
0.01,24.8,0.945288,0.326245
0.01,24.81,0.948504,0.316776
0.01,24.82,0.951624,0.307275
0.01,24.83,0.954649,0.297744
0.01,24.84,0.957579,0.288182
0.01,24.85,0.960413,0.278592
0.01,24.86,0.963151,0.268974
0.01,24.87,0.965792,0.259329
0.01,24.88,0.968337,0.249658
0.01,24.89,0.970785,0.239962
0.01,24.9,0.973136,0.230243
0.01,24.91,0.97539,0.2205
0.01,24.92,0.977546,0.210735
0.01,24.93,0.979605,0.200949
0.01,24.94,0.981565,0.191143
0.01,24.95,0.983428,0.181317
0.01,24.96,0.985192,0.171474
0.01,24.97,0.986857,0.161614
0.01,24.98,0.988424,0.151737
0.01,24.99,0.989892,0.141845
0.01,25,0.991261,0.131939
0.01,25.01,0.992531,0.12202
0.01,25.02,0.993701,0.112089
0.01,25.03,0.994773,0.102146
0.01,25.04,0.995744,0.0921931
0.01,25.05,0.996616,0.082231
0.01,25.06,0.997389,0.0722608
0.01,25.07,0.998062,0.0622833
0.01,25.08,0.998635,0.0522995
0.01,25.09,0.999108,0.0423106
0.01,25.1,0.999481,0.0323174
0.01,25.11,0.999754,0.022321
0.01,25.12,0.999927,0.0123223
0.01,25.13,1,0.00232241
0.1,0,1,0
0.1,0.1,0.995,-0.1
0.1,0.2,0.980025,-0.199
0.1,0.3,0.955225,-0.296008
0.1,0.4,0.920848,-0.39005
0.1,0.5,0.877239,-0.480185
0.1,0.6,0.824834,-0.565507
0.1,0.7,0.764159,-0.645163
0.1,0.8,0.695822,-0.718353
0.1,0.9,0.620508,-0.784344
0.1,1,0.538971,-0.842473
0.1,1.1,0.452029,-0.892158
0.1,1.2,0.360553,-0.9329
0.1,1.3,0.26546,-0.96429
0.1,1.4,0.167704,-0.986015
0.1,1.5,0.0682636,-0.997855
0.1,1.6,-0.0318633,-0.999692
0.1,1.7,-0.131673,-0.991508
0.1,1.8,-0.230166,-0.973383
0.1,1.9,-0.326353,-0.945499
0.1,2,-0.419271,-0.908136
0.1,2.1,-0.507988,-0.861669
0.1,2.2,-0.591615,-0.806561
0.1,2.3,-0.669313,-0.743367
0.1,2.4,-0.740304,-0.672719
0.1,2.5,-0.803874,-0.595325
0.1,2.6,-0.859387,-0.511961
0.1,2.7,-0.906286,-0.423462
0.1,2.8,-0.944101,-0.330716
0.1,2.9,-0.972452,-0.234653
0.1,3,-0.991055,-0.136234
0.1,3.1,-0.999723,-0.0364476
0.1,3.2,-0.99837,0.063707
0.1,3.3,-0.987007,0.163225
0.1,3.4,-0.965749,0.26111
0.1,3.5,-0.93481,0.356379
0.1,3.6,-0.894498,0.448078
0.1,3.7,-0.845217,0.535288
0.1,3.8,-0.787462,0.617133
0.1,3.9,-0.721812,0.692794
0.1,4,-0.648923,0.761511
0.1,4.1,-0.569528,0.822596
0.1,4.2,-0.484421,0.875435
0.1,4.3,-0.394455,0.9195
0.1,4.4,-0.300533,0.954348
0.1,4.5,-0.203595,0.97963
0.1,4.6,-0.104614,0.995091
0.1,4.7,-0.00458191,1.00058
0.1,4.8,0.0954987,0.996032
0.1,4.9,0.194624,0.981502
0.1,5,0.291802,0.957132
0.1,5.1,0.386056,0.923167
0.1,5.2,0.476442,0.879945
0.1,5.3,0.562055,0.827901
0.1,5.4,0.642034,0.767556
0.1,5.5,0.71558,0.699515
0.1,5.6,0.781953,0.62446
0.1,5.7,0.84049,0.543142
0.1,5.8,0.890601,0.456377
0.1,5.9,0.931786,0.365035
0.1,6,0.963631,0.270031
0.1,6.1,0.985816,0.172318
0.1,6.2,0.998118,0.072875
0.1,6.3,1.00042,-0.0273012
0.1,6.4,0.992683,-0.127206
0.1,6.5,0.974999,-0.225838
0.1,6.6,0.94754,-0.322209
0.1,6.7,0.910582,-0.415352
0.1,6.8,0.864494,-0.504334
0.1,6.9,0.809738,-0.588261
0.1,7,0.746863,-0.666294
0.1,7.1,0.676499,-0.737649
0.1,7.2,0.599352,-0.80161
0.1,7.3,0.516194,-0.857537
0.1,7.4,0.427859,-0.904869
0.1,7.5,0.335233,-0.943131
0.1,7.6,0.239244,-0.971938
0.1,7.7,0.140854,-0.991003
0.1,7.8,0.0410493,-1.00013
0.1,7.9,-0.0591693,-0.999238
0.1,8,-0.158797,-0.988325
0.1,8.1,-0.256836,-0.967503
0.1,8.2,-0.352302,-0.936982
0.1,8.3,-0.444239,-0.897067
0.1,8.4,-0.531724,-0.848158
0.1,8.5,-0.613881,-0.790745
0.1,8.6,-0.689886,-0.725403
0.1,8.7,-0.758977,-0.652787
0.1,8.8,-0.820461,-0.573626
0.1,8.9,-0.873721,-0.488711
0.1,9,-0.918224,-0.398896
0.1,9.1,-0.953522,-0.305079
0.1,9.2,-0.979262,-0.208201
0.1,9.3,-0.995186,-0.109234
0.1,9.4,-1.00113,-0.0091691
0.1,9.5,-0.997045,0.0909901
0.1,9.6,-0.982961,0.19024
0.1,9.7,-0.959022,0.287585
0.1,9.8,-0.925468,0.382049
0.1,9.9,-0.882636,0.472685
0.1,10,-0.830954,0.558586
0.1,10.1,-0.770941,0.638888
0.1,10.2,-0.703198,0.712788
0.1,10.3,-0.628403,0.779544
0.1,10.4,-0.547306,0.838486
0.1,10.5,-0.460721,0.889024
0.1,10.6,-0.369515,0.930651
0.1,10.7,-0.274603,0.96295
0.1,10.8,-0.176935,0.985595
0.1,10.9,-0.0774904,0.998361
0.1,11,0.0227331,1.00112
0.1,11.1,0.122731,0.993839
0.1,11.2,0.221501,0.976597
0.1,11.3,0.318054,0.949563
0.1,11.4,0.41142,0.91301
0.1,11.5,0.500664,0.867303
0.1,11.6,0.584891,0.8129
0.1,11.7,0.663256,0.750347
0.1,11.8,0.734975,0.680269
0.1,11.9,0.799327,0.603371
0.1,12,0.855667,0.520421
0.1,12.1,0.903431,0.432252
0.1,12.2,0.942139,0.339748
0.1,12.3,0.971403,0.243835
0.1,12.4,0.99093,0.145476
0.1,12.5,1.00052,0.0456555
0.1,12.6,1.00009,-0.0546251
0.1,12.7,0.989623,-0.15436
0.1,12.8,0.969238,-0.252551
0.1,12.9,0.939137,-0.348212
0.1,13,0.89962,-0.440385
0.1,13.1,0.851084,-0.528145
0.1,13.2,0.794014,-0.610612
0.1,13.3,0.728982,-0.686961
0.1,13.4,0.656641,-0.756424
0.1,13.5,0.577716,-0.818306
0.1,13.6,0.492997,-0.871986
0.1,13.7,0.403333,-0.916926
0.1,13.8,0.309624,-0.952675
0.1,13.9,0.212808,-0.978874
0.1,14,0.113857,-0.99526
0.1,14.1,0.0137615,-1.00167
0.1,14.2,-0.0864743,-0.998037
0.1,14.3,-0.185846,-0.9844
0.1,14.4,-0.283356,-0.960893
0.1,14.5,-0.378029,-0.927753
0.1,14.6,-0.468914,-0.885311
0.1,14.7,-0.555101,-0.833993
0.1,14.8,-0.635724,-0.774313
0.1,14.9,-0.709977,-0.706869
0.1,15,-0.777114,-0.632337
0.1,15.1,-0.836462,-0.551464
0.1,15.2,-0.887426,-0.465061
0.1,15.3,-0.929495,-0.373993
0.1,15.4,-0.962247,-0.279173
0.1,15.5,-0.985353,-0.181553
0.1,15.6,-0.998582,-0.0821095
0.1,15.7,-1.0018,0.0181592
0.1,15.8,-0.994975,0.118248
0.1,15.9,-0.978175,0.217155
0.1,16,-0.951569,0.313886
0.1,16.1,-0.915422,0.407474
0.1,16.2,-0.870098,0.496979
0.1,16.3,-0.81605,0.581504
0.1,16.4,-0.753819,0.660201
0.1,16.5,-0.68403,0.732282
0.1,16.6,-0.607381,0.797024
0.1,16.7,-0.524642,0.853777
0.1,16.8,-0.436641,0.901972
0.1,16.9,-0.344261,0.941126
0.1,17,-0.248427,0.970847
0.1,17.1,-0.1501,0.990835
0.1,17.2,-0.0502661,1.00089
0.1,17.3,0.0500743,1.00091
0.1,17.4,0.149915,0.990901
0.1,17.5,0.248256,0.970955
0.1,17.6,0.34411,0.941275
0.1,17.7,0.436517,0.902157
0.1,17.8,0.52455,0.853995
0.1,17.9,0.607327,0.79727
0.1,18,0.684017,0.732551
0.1,18.1,0.753852,0.660486
0.1,18.2,0.816131,0.581799
0.1,18.3,0.870231,0.497277
0.1,18.4,0.915607,0.407767
0.1,18.5,0.951806,0.314168
0.1,18.6,0.978464,0.217416
0.1,18.7,0.995313,0.118483
0.1,18.8,1.00218,0.018359
0.1,18.9,0.99901,-0.0819513
0.1,19,0.985819,-0.181442
0.1,19.1,0.962746,-0.279117
0.1,19.2,0.930021,-0.373996
0.1,19.3,0.887971,-0.465128
0.1,19.4,0.837018,-0.5516
0.1,19.5,0.777673,-0.632544
0.1,19.6,0.71053,-0.707148
0.1,19.7,0.636263,-0.774665
0.1,19.8,0.555615,-0.834418
0.1,19.9,0.469395,-0.885808
0.1,20,0.378467,-0.928318
0.1,20.1,0.283743,-0.961523
0.1,20.2,0.186172,-0.98509
0.1,20.3,0.0867323,-0.998782
0.1,20.4,-0.0135796,-1.00246
0.1,20.5,-0.113758,-0.996091
0.1,20.6,-0.212798,-0.979735
0.1,20.7,-0.309708,-0.953556
0.1,20.8,-0.403515,-0.917818
0.1,20.9,-0.493279,-0.872877
0.1,21,-0.5781,-0.819185
0.1,21.1,-0.657128,-0.757279
0.1,21.2,-0.72957,-0.68778
0.1,21.3,-0.794701,-0.611384
0.1,21.4,-0.851865,-0.528857
0.1,21.5,-0.900492,-0.441026
0.1,21.6,-0.940092,-0.348772
0.1,21.7,-0.970269,-0.253019
0.1,21.8,-0.990719,-0.154727
0.1,21.9,-1.00124,-0.0548811
0.1,22,-1.00172,0.0455171
0.1,22.1,-0.99216,0.145462
0.1,22.2,-0.972653,0.24395
0.1,22.3,-0.943395,0.339996
0.1,22.4,-0.904678,0.432635
0.1,22.5,-0.856891,0.52094
0.1,22.6,-0.800513,0.604024
0.1,22.7,-0.736108,0.681055
0.1,22.8,-0.664322,0.751261
0.1,22.9,-0.585874,0.813937
0.1,23,-0.501551,0.868454
0.1,23.1,-0.412198,0.914267
0.1,23.2,-0.31871,0.950916
0.1,23.3,-0.222025,0.978032
0.1,23.4,-0.123112,0.995344
0.1,23.5,-0.0229615,1.00268
0.1,23.6,0.0774212,0.999962
0.1,23.7,0.17703,0.98722
0.1,23.8,0.274867,0.964581
0.1,23.9,0.369951,0.932271
0.1,24,0.461328,0.890615
0.1,24.1,0.548083,0.840029
0.1,24.2,0.629345,0.78102
0.1,24.3,0.704301,0.714181
0.1,24.4,0.772197,0.64018
0.1,24.5,0.832354,0.559759
0.1,24.6,0.884168,0.473725
0.1,24.7,0.92712,0.382939
0.1,24.8,0.960778,0.288313
0.1,24.9,0.984806,0.190793
0.1,25,0.998961,0.0913587
0.1,25.1,1.0031,-0.00899421
0.5,0,1,0
0.5,0.5,0.875,-0.5
0.5,1,0.515625,-0.875
0.5,1.5,0.0136719,-1.02344
0.5,2,-0.499756,-0.902344
0.5,2.5,-0.888458,-0.539673
0.5,3,-1.04724,-0.0279846
0.5,3.5,-0.930325,0.499132
0.5,4,-0.564468,0.901903
0.5,4.5,-0.0429582,1.0714
0.5,5,0.498111,0.958954
0.5,5.5,0.915324,0.590029
0.5,6,1.09592,0.0586131
0.5,6.5,0.988239,-0.496675
0.5,7,0.616372,-0.92871
0.5,7.5,0.0749701,-1.12081
0.5,8,-0.494805,-1.01819
0.5,8.5,-0.94205,-0.643515
0.5,9,-1.14605,-0.0920508
0.5,9.5,-1.04882,0.492481
0.5,10,-0.671477,0.955331
0.5,10.5,-0.109877,1.17165
0.5,11,0.489684,1.08014
0.5,11.5,0.968541,0.700276
0.5,12,1.19761,0.128471
0.5,12.5,1.11215,-0.486394
0.5,13,0.729931,-0.981668
0.5,13.5,0.147855,-1.22392
0.5,14,-0.482589,-1.14486
0.5,14.5,-0.994696,-0.76046
0.5,15,-1.25059,-0.168054
0.5,15.5,-1.17829,0.478247
0.5,16,-0.791882,1.00761
0.5,16.5,-0.189091,1.2776
0.5,17,0.473346,1.21245
0.5,17.5,1.0204,0.824218
0.5,18,1.30496,0.21099
0.5,18.5,1.24734,-0.467864
0.5,19,0.857486,-1.03305
0.5,19.5,0.233776,-1.33266
0.5,20,-0.461776,-1.28297
0.5,20.5,-1.04554,-0.891707
0.5,21,-1.3607,-0.257475
0.5,21.5,-1.31935,0.455058
0.5,22,-0.926901,1.05785
0.5,22.5,-0.282113,1.38907
0.5,23,0.447686,1.35649
0.5,23.5,1.06997,0.963088
0.5,24,1.41777,0.307716
0.5,24.5,1.39441,-0.439633
0.5,25,1.00029,-1.08188
1,0,1,0
1,1,0.5,-1
1,2,-0.75,-1
1,3,-1.375,0.25
1,4,-0.4375,1.5
1,5,1.28125,1.1875
1,6,1.82812,-0.6875
1,7,0.226562,-2.17188
1,8,-2.05859,-1.3125
1,9,-2.3418,1.40234
1,10,0.231445,3.04297
1,11,3.15869,1.29004
1,12,2.86938,-2.51367
1,13,-1.07898,-4.12622
1,14,-4.66571,-0.984131
1,15,-3.31699,4.17365
1,16,2.51515,5.40381
1,17,6.66138,0.186752
1,18,3.51744,-6.56801
1,19,-4.80929,-6.80145
1,20,-9.20609,1.40856
1,21,-3.19448,9.91037
1,22,8.31313,8.14967
1,23,12.3062,-4.2383
1,24,1.91482,-14.4254
1,25,-13.468,-9.12751
2,0,1,0
2,2,-1,-2
2,4,-3,4
2,6,11,2
2,8,-7,-24
2,10,-41,38
2,12,117,44
2,14,-29,-278
2,16,-527,336
2,18,1199,718
2,20,237,-3116
2,22,-6469,2642
2,24,11753,10296
