tau,t,y,v
0.1,0,1,0
0.1,0.1,0.995004,-0.0998334
0.1,0.2,0.980067,-0.198669
0.1,0.3,0.955337,-0.29552
0.1,0.4,0.921061,-0.389418
0.1,0.5,0.877583,-0.479425
0.1,0.6,0.825336,-0.564642
0.1,0.7,0.764842,-0.644218
0.1,0.8,0.696707,-0.717356
0.1,0.9,0.62161,-0.783327
0.1,1,0.540302,-0.841471
0.1,1.1,0.453596,-0.891207
0.1,1.2,0.362358,-0.932039
0.1,1.3,0.267499,-0.963558
0.1,1.4,0.169967,-0.98545
0.1,1.5,0.0707374,-0.997495
0.1,1.6,-0.0291993,-0.999574
0.1,1.7,-0.128844,-0.991665
0.1,1.8,-0.227202,-0.973848
0.1,1.9,-0.323289,-0.9463
0.1,2,-0.416147,-0.909298
0.1,2.1,-0.504846,-0.86321
0.1,2.2,-0.588501,-0.808497
0.1,2.3,-0.666276,-0.745705
0.1,2.4,-0.737393,-0.675463
0.1,2.5,-0.801143,-0.598472
0.1,2.6,-0.856889,-0.515502
0.1,2.7,-0.904072,-0.42738
0.1,2.8,-0.942222,-0.334989
0.1,2.9,-0.970958,-0.23925
0.1,3,-0.989992,-0.14112
0.1,3.1,-0.999135,-0.0415811
0.1,3.2,-0.998295,0.0583737
0.1,3.3,-0.98748,0.157745
0.1,3.4,-0.966798,0.255541
0.1,3.5,-0.936457,0.350783
0.1,3.6,-0.896759,0.44252
0.1,3.7,-0.8481,0.529836
0.1,3.8,-0.790968,0.611857
0.1,3.9,-0.725933,0.687766
0.1,4,-0.653644,0.756802
0.1,4.1,-0.574824,0.818277
0.1,4.2,-0.490261,0.871575
0.1,4.3,-0.4008,0.916166
0.1,4.4,-0.307333,0.951602
0.1,4.5,-0.210796,0.97753
0.1,4.6,-0.112153,0.993691
0.1,4.7,-0.0123893,0.999923
0.1,4.8,0.0874983,0.996165
0.1,4.9,0.186512,0.982453
0.1,5,0.283662,0.958924
0.1,5.1,0.377977,0.925815
0.1,5.2,0.468516,0.883455
0.1,5.3,0.554374,0.832268
0.1,5.4,0.634692,0.772765
0.1,5.5,0.708669,0.705541
0.1,5.6,0.775565,0.631267
0.1,5.7,0.834712,0.550686
0.1,5.8,0.885519,0.464603
0.1,5.9,0.927478,0.373877
0.1,6,0.96017,0.279416
0.1,6.1,0.983268,0.182163
0.1,6.2,0.996542,0.0830903
0.1,6.3,0.999859,-0.016813
0.1,6.4,0.993185,-0.116548
0.1,6.5,0.976588,-0.215119
0.1,6.6,0.950233,-0.31154
0.1,6.7,0.914384,-0.404849
0.1,6.8,0.869398,-0.494113
0.1,6.9,0.815726,-0.578439
0.1,7,0.753903,-0.656986
0.1,7.1,0.684547,-0.728968
0.1,7.2,0.608352,-0.793667
0.1,7.3,0.526078,-0.850436
0.1,7.4,0.438548,-0.898708
0.1,7.5,0.346636,-0.938
0.1,7.6,0.251261,-0.967919
0.1,7.7,0.153375,-0.988168
0.1,7.8,0.0539565,-0.998543
0.1,7.9,-0.046001,-0.998941
0.1,8,-0.145499,-0.989358
0.1,8.1,-0.243543,-0.96989
0.1,8.2,-0.339154,-0.940731
0.1,8.3,-0.431376,-0.902172
0.1,8.4,-0.519288,-0.8546
0.1,8.5,-0.602011,-0.798488
0.1,8.6,-0.678719,-0.734398
0.1,8.7,-0.748646,-0.66297
0.1,8.8,-0.811092,-0.584918
0.1,8.9,-0.865435,-0.501022
0.1,9,-0.91113,-0.41212
0.1,9.1,-0.947721,-0.3191
0.1,9.2,-0.974843,-0.222891
0.1,9.3,-0.992225,-0.124456
0.1,9.4,-0.999693,-0.0247767
0.1,9.5,-0.997172,0.0751498
0.1,9.6,-0.984688,0.174325
0.1,9.7,-0.962365,0.271759
0.1,9.8,-0.930427,0.366478
0.1,9.9,-0.889192,0.457535
0.1,10,-0.839072,0.54402
0.1,10.1,-0.780569,0.62507
0.1,10.2,-0.714267,0.699874
0.1,10.3,-0.640828,0.767685
0.1,10.4,-0.560985,0.827826
0.1,10.5,-0.475538,0.879695
0.1,10.6,-0.38534,0.922775
0.1,10.7,-0.291291,0.956635
0.1,10.8,-0.194331,0.980936
0.1,10.9,-0.0954304,0.995436
0.1,11,0.00442417,0.99999
0.1,11.1,0.104234,0.994553
0.1,11.2,0.203003,0.979178
0.1,11.3,0.299744,0.95402
0.1,11.4,0.393489,0.919329
0.1,11.5,0.483303,0.875453
0.1,11.6,0.568288,0.82283
0.1,11.7,0.647595,0.761985
0.1,11.8,0.720431,0.693526
0.1,11.9,0.786069,0.618138
0.1,12,0.843853,0.536574
0.1,12.1,0.893205,0.449649
0.1,12.2,0.933633,0.358231
0.1,12.3,0.964732,0.263233
0.1,12.4,0.986192,0.165606
0.1,12.5,0.997798,0.0663236
0.1,12.6,0.999435,-0.0336213
0.1,12.7,0.991085,-0.13323
0.1,12.8,0.972833,-0.231508
0.1,12.9,0.944861,-0.327473
0.1,13,0.907448,-0.420165
0.1,13.1,0.860968,-0.50866
0.1,13.2,0.805885,-0.592072
0.1,13.3,0.74275,-0.669568
0.1,13.4,0.672194,-0.740375
0.1,13.5,0.594922,-0.803783
0.1,13.6,0.511706,-0.859161
0.1,13.7,0.423376,-0.905954
0.1,13.8,0.330817,-0.943695
0.1,13.9,0.234952,-0.972007
0.1,14,0.136739,-0.990607
0.1,14.1,0.0371603,-0.999309
0.1,14.2,-0.0627898,-0.998027
0.1,14.3,-0.162112,-0.986772
0.1,14.4,-0.259815,-0.965658
0.1,14.5,-0.354922,-0.934896
0.1,14.6,-0.446483,-0.894792
0.1,14.7,-0.533583,-0.845748
0.1,14.8,-0.615351,-0.788253
0.1,14.9,-0.690971,-0.722883
0.1,15,-0.759687,-0.650289
0.1,15.1,-0.820812,-0.571199
0.1,15.2,-0.873736,-0.486401
0.1,15.3,-0.91793,-0.396743
0.1,15.4,-0.952952,-0.30312
0.1,15.5,-0.978453,-0.20647
0.1,15.6,-0.994177,-0.107756
0.1,15.7,-0.999968,-0.00796536
0.1,15.8,-0.995768,0.0919047
0.1,15.9,-0.981618,0.190856
0.1,16,-0.95766,0.287901
0.1,16.1,-0.924134,0.382069
0.1,16.2,-0.881374,0.47242
0.1,16.3,-0.829807,0.55805
0.1,16.4,-0.769949,0.638105
0.1,16.5,-0.702399,0.711784
0.1,16.6,-0.62783,0.778351
0.1,16.7,-0.546988,0.837141
0.1,16.8,-0.460681,0.887566
0.1,16.9,-0.36977,0.929123
0.1,17,-0.275166,0.961397
0.1,17.1,-0.177811,0.984065
0.1,17.2,-0.0786806,0.9969
0.1,17.3,0.0212364,0.999774
0.1,17.4,0.120941,0.99266
0.1,17.5,0.219438,0.975627
0.1,17.6,0.315741,0.948845
0.1,17.7,0.40889,0.912583
0.1,17.8,0.497954,0.867203
0.1,17.9,0.582042,0.813159
0.1,18,0.660315,0.750989
0.1,18.1,0.73199,0.681316
0.1,18.2,0.796351,0.604835
0.1,18.3,0.852755,0.522311
0.1,18.4,0.900639,0.434568
0.1,18.5,0.939524,0.342483
0.1,18.6,0.969022,0.246976
0.1,18.7,0.988837,0.149002
0.1,18.8,0.998772,0.0495382
0.1,18.9,0.998728,-0.0504201
0.1,19,0.988705,-0.149875
0.1,19.1,0.968803,-0.247832
0.1,19.2,0.939221,-0.343312
0.1,19.3,0.900255,-0.435363
0.1,19.4,0.852294,-0.523063
0.1,19.5,0.795817,-0.605538
0.1,19.6,0.731388,-0.681962
0.1,19.7,0.659652,-0.751572
0.1,19.8,0.581324,-0.813672
0.1,19.9,0.497188,-0.867643
0.1,20,0.408085,-0.912944
0.1,20.1,0.314904,-0.949124
0.1,20.2,0.218576,-0.97582
0.1,20.3,0.120065,-0.992766
0.1,20.4,0.0203537,-0.999793
0.1,20.5,-0.0795607,-0.99683
0.1,20.6,-0.17868,-0.983907
0.1,20.7,-0.276014,-0.961154
0.1,20.8,-0.370591,-0.928796
0.1,20.9,-0.461464,-0.887159
0.1,21,-0.547727,-0.836657
0.1,21.1,-0.628517,-0.777796
0.1,21.2,-0.703027,-0.711163
0.1,21.3,-0.770513,-0.637425
0.1,21.4,-0.830299,-0.557318
0.1,21.5,-0.88179,-0.471642
0.1,21.6,-0.924471,-0.381253
0.1,21.7,-0.957914,-0.287056
0.1,21.8,-0.981786,-0.18999
0.1,21.9,-0.995849,-0.0910254
0.1,22,-0.999961,0.00884826
0.1,22.1,-0.994082,0.108634
0.1,22.2,-0.97827,0.207333
0.1,22.3,-0.952684,0.303962
0.1,22.4,-0.917579,0.397553
0.1,22.5,-0.873306,0.487172
0.1,22.6,-0.820307,0.571923
0.1,22.7,-0.759112,0.65096
0.1,22.8,-0.690332,0.723493
0.1,22.9,-0.614655,0.788796
0.1,23,-0.532836,0.846219
0.1,23.1,-0.445693,0.895186
0.1,23.2,-0.354097,0.935209
0.1,23.3,-0.258963,0.965887
0.1,23.4,-0.161241,0.986915
0.1,23.5,-0.0619085,0.998082
0.1,23.6,0.0380426,0.999276
0.1,23.7,0.137614,0.990486
0.1,23.8,0.23581,0.971799
0.1,23.9,0.33165,0.943403
0.1,24,0.424176,0.90558
0.1,24.1,0.512464,0.858709
0.1,24.2,0.595632,0.803258
0.1,24.3,0.672848,0.739781
0.1,24.4,0.743341,0.668912
0.1,24.5,0.806407,0.59136
0.1,24.6,0.861416,0.5079
0.1,24.7,0.907818,0.419364
0.1,24.8,0.945149,0.326638
0.1,24.9,0.973037,0.230649
0.1,25,0.991202,0.132355
0.1,25.1,0.999464,0.0327389
0.05,0,1,0
0.05,0.05,0.99875,-0.0499792
0.05,0.1,0.995004,-0.0998334
0.05,0.15,0.988771,-0.149438
0.05,0.2,0.980067,-0.198669
0.05,0.25,0.968912,-0.247404
0.05,0.3,0.955336,-0.29552
0.05,0.35,0.939373,-0.342898
0.05,0.4,0.921061,-0.389418
0.05,0.45,0.900447,-0.434966
0.05,0.5,0.877583,-0.479426
0.05,0.55,0.852525,-0.522687
0.05,0.6,0.825336,-0.564642
0.05,0.65,0.796084,-0.605186
0.05,0.7,0.764842,-0.644218
0.05,0.75,0.731689,-0.681639
0.05,0.8,0.696707,-0.717356
0.05,0.85,0.659983,-0.75128
0.05,0.9,0.62161,-0.783327
0.05,0.95,0.581683,-0.813415
0.05,1,0.540302,-0.841471
0.05,1.05,0.497571,-0.867423
0.05,1.1,0.453596,-0.891207
0.05,1.15,0.408487,-0.912764
0.05,1.2,0.362358,-0.932039
0.05,1.25,0.315322,-0.948985
0.05,1.3,0.267499,-0.963558
0.05,1.35,0.219007,-0.975723
0.05,1.4,0.169967,-0.98545
0.05,1.45,0.120503,-0.992713
0.05,1.5,0.0707372,-0.997495
0.05,1.55,0.0207948,-0.999784
0.05,1.6,-0.0291995,-0.999574
0.05,1.65,-0.0791209,-0.996865
0.05,1.7,-0.128844,-0.991665
0.05,1.75,-0.178246,-0.983986
0.05,1.8,-0.227202,-0.973848
0.05,1.85,-0.27559,-0.961275
0.05,1.9,-0.32329,-0.9463
0.05,1.95,-0.370181,-0.92896
0.05,2,-0.416147,-0.909297
0.05,2.05,-0.461073,-0.887362
0.05,2.1,-0.504846,-0.863209
0.05,2.15,-0.547358,-0.836899
0.05,2.2,-0.588501,-0.808496
0.05,2.25,-0.628174,-0.778073
0.05,2.3,-0.666276,-0.745705
0.05,2.35,-0.702713,-0.711473
0.05,2.4,-0.737394,-0.675463
0.05,2.45,-0.770231,-0.637765
0.05,2.5,-0.801144,-0.598472
0.05,2.55,-0.830054,-0.557684
0.05,2.6,-0.856889,-0.515501
0.05,2.65,-0.881582,-0.472031
0.05,2.7,-0.904072,-0.42738
0.05,2.75,-0.924302,-0.381661
0.05,2.8,-0.942222,-0.334988
0.05,2.85,-0.957787,-0.287478
0.05,2.9,-0.970958,-0.239249
0.05,2.95,-0.981702,-0.190423
0.05,3,-0.989992,-0.14112
0.05,3.05,-0.995808,-0.0914647
0.05,3.1,-0.999135,-0.0415807
0.05,3.15,-0.999965,0.00840722
0.05,3.2,-0.998295,0.0583741
0.05,3.25,-0.99413,0.108195
0.05,3.3,-0.98748,0.157746
0.05,3.35,-0.978362,0.206902
0.05,3.4,-0.966798,0.255541
0.05,3.45,-0.952818,0.303541
0.05,3.5,-0.936457,0.350783
0.05,3.55,-0.917755,0.397148
0.05,3.6,-0.896758,0.44252
0.05,3.65,-0.873521,0.486787
0.05,3.7,-0.8481,0.529836
0.05,3.75,-0.820559,0.571561
0.05,3.8,-0.790968,0.611858
0.05,3.85,-0.759399,0.650625
0.05,3.9,-0.725932,0.687766
0.05,3.95,-0.690651,0.723188
0.05,4,-0.653644,0.756802
0.05,4.05,-0.615002,0.788525
0.05,4.1,-0.574824,0.818277
0.05,4.15,-0.533209,0.845984
0.05,4.2,-0.490261,0.871576
0.05,4.25,-0.446088,0.894989
0.05,4.3,-0.400799,0.916166
0.05,4.35,-0.354509,0.935053
0.05,4.4,-0.307333,0.951602
0.05,4.45,-0.259389,0.965773
0.05,4.5,-0.210796,0.97753
0.05,4.55,-0.161676,0.986844
0.05,4.6,-0.112153,0.993691
0.05,4.65,-0.0623486,0.998054
0.05,4.7,-0.0123887,0.999923
0.05,4.75,0.0376021,0.999293
0.05,4.8,0.0874989,0.996165
0.05,4.85,0.137177,0.990547
0.05,4.9,0.186512,0.982453
0.05,4.95,0.235381,0.971903
0.05,5,0.283662,0.958924
0.05,5.05,0.331234,0.943549
0.05,5.1,0.377978,0.925815
0.05,5.15,0.423777,0.905767
0.05,5.2,0.468517,0.883455
0.05,5.25,0.512085,0.858935
0.05,5.3,0.554374,0.832267
0.05,5.35,0.595278,0.80352
0.05,5.4,0.634693,0.772765
0.05,5.45,0.672522,0.740077
0.05,5.5,0.70867,0.70554
0.05,5.55,0.743046,0.66924
0.05,5.6,0.775566,0.631267
0.05,5.65,0.806147,0.591716
0.05,5.7,0.834713,0.550686
0.05,5.75,0.861192,0.508279
0.05,5.8,0.885519,0.464602
0.05,5.85,0.907633,0.419764
0.05,5.9,0.927478,0.373877
0.05,5.95,0.945005,0.327055
0.05,6,0.96017,0.279416
0.05,6.05,0.972935,0.231078
0.05,6.1,0.983268,0.182163
0.05,6.15,0.991144,0.132792
0.05,6.2,0.996542,0.0830895
0.05,6.25,0.999449,0.0331793
0.05,6.3,0.999859,-0.0168138
0.05,6.35,0.997769,-0.0667649
0.05,6.4,0.993185,-0.116549
0.05,6.45,0.986119,-0.166042
0.05,6.5,0.976588,-0.21512
0.05,6.55,0.964616,-0.26366
0.05,6.6,0.950233,-0.311541
0.05,6.65,0.933474,-0.358644
0.05,6.7,0.914383,-0.40485
0.05,6.75,0.893006,-0.450044
0.05,6.8,0.869398,-0.494113
0.05,6.85,0.843616,-0.536948
0.05,6.9,0.815725,-0.57844
0.05,6.95,0.785796,-0.618486
0.05,7,0.753902,-0.656987
0.05,7.05,0.720124,-0.693845
0.05,7.1,0.684547,-0.728969
0.05,7.15,0.647258,-0.762271
0.05,7.2,0.608351,-0.793668
0.05,7.25,0.567924,-0.823081
0.05,7.3,0.526078,-0.850437
0.05,7.35,0.482916,-0.875667
0.05,7.4,0.438547,-0.898708
0.05,7.45,0.393083,-0.919503
0.05,7.5,0.346635,-0.938
0.05,7.55,0.299322,-0.954152
0.05,7.6,0.25126,-0.96792
0.05,7.65,0.20257,-0.979268
0.05,7.7,0.153374,-0.988168
0.05,7.75,0.103794,-0.994599
0.05,7.8,0.0539555,-0.998543
0.05,7.85,0.00398169,-0.999992
0.05,7.9,-0.0460021,-0.998941
0.05,7.95,-0.0958708,-0.995394
0.05,8,-0.1455,-0.989358
0.05,8.05,-0.194765,-0.98085
0.05,8.1,-0.243544,-0.96989
0.05,8.15,-0.291714,-0.956506
0.05,8.2,-0.339155,-0.940731
0.05,8.25,-0.385748,-0.922604
0.05,8.3,-0.431377,-0.902172
0.05,8.35,-0.475927,-0.879485
0.05,8.4,-0.519289,-0.854599
0.05,8.45,-0.561352,-0.827577
0.05,8.5,-0.602012,-0.798487
0.05,8.55,-0.641167,-0.767401
0.05,8.6,-0.67872,-0.734397
0.05,8.65,-0.714576,-0.699557
0.05,8.7,-0.748647,-0.662969
0.05,8.75,-0.780846,-0.624724
0.05,8.8,-0.811093,-0.584917
0.05,8.85,-0.839313,-0.543649
0.05,8.9,-0.865435,-0.501021
0.05,8.95,-0.889394,-0.457141
0.05,9,-0.91113,-0.412119
0.05,9.05,-0.930589,-0.366066
0.05,9.1,-0.947722,-0.319098
0.05,9.15,-0.962485,-0.271333
0.05,9.2,-0.974844,-0.22289
0.05,9.25,-0.984765,-0.17389
0.05,9.3,-0.992225,-0.124455
0.05,9.35,-0.997205,-0.0747084
0.05,9.4,-0.999693,-0.0247755
0.05,9.45,-0.999682,0.0252193
0.05,9.5,-0.997172,0.075151
0.05,9.55,-0.99217,0.124895
0.05,9.6,-0.984688,0.174327
0.05,9.65,-0.974745,0.223323
0.05,9.7,-0.962365,0.271761
0.05,9.75,-0.94758,0.319519
0.05,9.8,-0.930426,0.366479
0.05,9.85,-0.910947,0.412523
0.05,9.9,-0.889191,0.457536
0.05,9.95,-0.865213,0.501405
0.05,10,-0.839072,0.544021
0.05,10.05,-0.810833,0.585277
0.05,10.1,-0.780568,0.625071
0.05,10.15,-0.748352,0.663302
0.05,10.2,-0.714266,0.699875
0.05,10.25,-0.678394,0.734698
0.05,10.3,-0.640826,0.767686
0.05,10.35,-0.601657,0.798754
0.05,10.4,-0.560984,0.827826
0.05,10.45,-0.518909,0.854829
0.05,10.5,-0.475537,0.879696
0.05,10.55,-0.430976,0.902363
0.05,10.6,-0.385338,0.922775
0.05,10.65,-0.338737,0.940881
0.05,10.7,-0.291289,0.956635
0.05,10.75,-0.243114,0.969998
0.05,10.8,-0.19433,0.980936
0.05,10.85,-0.145061,0.989423
0.05,10.9,-0.0954289,0.995436
0.05,10.95,-0.0455586,0.998962
0.05,11,0.0044256,0.99999
0.05,11.05,0.0543988,0.998519
0.05,11.1,0.104236,0.994553
0.05,11.15,0.153813,0.9881
0.05,11.2,0.203005,0.979178
0.05,11.25,0.25169,0.967808
0.05,11.3,0.299745,0.954019
0.05,11.35,0.347052,0.937846
0.05,11.4,0.393491,0.919329
0.05,11.45,0.438946,0.898513
0.05,11.5,0.483305,0.875452
0.05,11.55,0.526455,0.850203
0.05,11.6,0.56829,0.822829
0.05,11.65,0.608704,0.793398
0.05,11.7,0.647596,0.761984
0.05,11.75,0.68487,0.728665
0.05,11.8,0.720432,0.693525
0.05,11.85,0.754194,0.656652
0.05,11.9,0.78607,0.618137
0.05,11.95,0.815982,0.578078
0.05,12,0.843854,0.536573
0.05,12.05,0.869617,0.493727
0.05,12.1,0.893206,0.449648
0.05,12.15,0.914563,0.404444
0.05,12.2,0.933634,0.358229
0.05,12.25,0.950371,0.311119
0.05,12.3,0.964733,0.263232
0.05,12.35,0.976683,0.214686
0.05,12.4,0.986192,0.165604
0.05,12.45,0.993237,0.116108
0.05,12.5,0.997798,0.066322
0.05,12.55,0.999866,0.01637
0.05,12.6,0.999435,-0.0336229
0.05,12.65,0.996505,-0.0835318
0.05,12.7,0.991085,-0.133232
0.05,12.75,0.983187,-0.182599
0.05,12.8,0.972833,-0.23151
0.05,12.85,0.960046,-0.279842
0.05,12.9,0.94486,-0.327474
0.05,12.95,0.927312,-0.374288
0.05,13,0.907447,-0.420167
0.05,13.05,0.885313,-0.464995
0.05,13.1,0.860967,-0.508661
0.05,13.15,0.834468,-0.551056
0.05,13.2,0.805884,-0.592073
0.05,13.25,0.775286,-0.631611
0.05,13.3,0.742749,-0.66957
0.05,13.35,0.708356,-0.705855
0.05,13.4,0.672193,-0.740376
0.05,13.45,0.63435,-0.773046
0.05,13.5,0.594921,-0.803784
0.05,13.55,0.554005,-0.832513
0.05,13.6,0.511704,-0.859162
0.05,13.65,0.468124,-0.883663
0.05,13.7,0.423375,-0.905955
0.05,13.75,0.377567,-0.925982
0.05,13.8,0.330815,-0.943696
0.05,13.85,0.283236,-0.95905
0.05,13.9,0.23495,-0.972007
0.05,13.95,0.186076,-0.982535
0.05,14,0.136737,-0.990607
0.05,14.05,0.0870567,-0.996203
0.05,14.1,0.0371585,-0.999309
0.05,14.15,-0.0128326,-0.999918
0.05,14.2,-0.0627916,-0.998027
0.05,14.25,-0.112594,-0.993641
0.05,14.3,-0.162114,-0.986772
0.05,14.35,-0.21123,-0.977436
0.05,14.4,-0.259817,-0.965658
0.05,14.45,-0.307755,-0.951466
0.05,14.5,-0.354924,-0.934895
0.05,14.55,-0.401206,-0.915988
0.05,14.6,-0.446485,-0.894791
0.05,14.65,-0.490648,-0.871358
0.05,14.7,-0.533584,-0.845747
0.05,14.75,-0.575187,-0.818022
0.05,14.8,-0.615352,-0.788252
0.05,14.85,-0.65398,-0.756512
0.05,14.9,-0.690972,-0.722881
0.05,14.95,-0.726238,-0.687444
0.05,15,-0.759688,-0.650288
0.05,15.05,-0.791239,-0.611507
0.05,15.1,-0.820813,-0.571197
0.05,15.15,-0.848335,-0.52946
0.05,15.2,-0.873737,-0.486399
0.05,15.25,-0.896955,-0.442122
0.05,15.3,-0.917931,-0.396741
0.05,15.35,-0.936612,-0.350367
0.05,15.4,-0.952953,-0.303118
0.05,15.45,-0.966912,-0.255112
0.05,15.5,-0.978453,-0.206468
0.05,15.55,-0.98755,-0.157307
0.05,15.6,-0.994178,-0.107754
0.05,15.65,-0.998321,-0.057931
0.05,15.7,-0.999968,-0.00796332
0.05,15.75,-0.999117,0.0420242
0.05,15.8,-0.995768,0.0919067
0.05,15.85,-0.98993,0.141559
0.05,15.9,-0.981618,0.190858
0.05,15.95,-0.970852,0.23968
0.05,16,-0.95766,0.287903
0.05,16.05,-0.942074,0.335406
0.05,16.1,-0.924133,0.382071
0.05,16.15,-0.903882,0.427781
0.05,16.2,-0.881373,0.472422
0.05,16.25,-0.85666,0.515882
0.05,16.3,-0.829806,0.558052
0.05,16.35,-0.800878,0.598828
0.05,16.4,-0.769948,0.638107
0.05,16.45,-0.737094,0.67579
0.05,16.5,-0.702397,0.711785
0.05,16.55,-0.665945,0.746001
0.05,16.6,-0.627828,0.778352
0.05,16.65,-0.588142,0.808758
0.05,16.7,-0.546986,0.837142
0.05,16.75,-0.504463,0.863433
0.05,16.8,-0.460679,0.887567
0.05,16.85,-0.415743,0.909482
0.05,16.9,-0.369768,0.929124
0.05,16.95,-0.322869,0.946444
0.05,17,-0.275163,0.961397
0.05,17.05,-0.22677,0.973948
0.05,17.1,-0.177809,0.984065
0.05,17.15,-0.128404,0.991722
0.05,17.2,-0.0786783,0.9969
0.05,17.25,-0.0287558,0.999586
0.05,17.3,0.0212387,0.999774
0.05,17.35,0.07118,0.997463
0.05,17.4,0.120943,0.992659
0.05,17.45,0.170405,0.985374
0.05,17.5,0.21944,0.975626
0.05,17.55,0.267927,0.963439
0.05,17.6,0.315744,0.948845
0.05,17.65,0.362771,0.931878
0.05,17.7,0.408893,0.912583
0.05,17.75,0.453992,0.891006
0.05,17.8,0.497956,0.867202
0.05,17.85,0.540676,0.841231
0.05,17.9,0.582044,0.813157
0.05,17.95,0.621958,0.783051
0.05,18,0.660317,0.750987
0.05,18.05,0.697025,0.717047
0.05,18.1,0.731991,0.681314
0.05,18.15,0.765128,0.643878
0.05,18.2,0.796352,0.604833
0.05,18.25,0.825586,0.564276
0.05,18.3,0.852756,0.522309
0.05,18.35,0.877795,0.479036
0.05,18.4,0.90064,0.434566
0.05,18.45,0.921234,0.389009
0.05,18.5,0.939525,0.342481
0.05,18.55,0.955468,0.295096
0.05,18.6,0.969022,0.246974
0.05,18.65,0.980155,0.198234
0.05,18.7,0.988837,0.148999
0.05,18.75,0.995048,0.0993917
0.05,18.8,0.998772,0.0495358
0.05,18.85,1,-0.000443915
0.05,18.9,0.998728,-0.0504225
0.05,18.95,0.99496,-0.100275
0.05,19,0.988705,-0.149877
0.05,19.05,0.979978,-0.199104
0.05,19.1,0.968803,-0.247834
0.05,19.15,0.955205,-0.295944
0.05,19.2,0.93922,-0.343315
0.05,19.25,0.920888,-0.389827
0.05,19.3,0.900254,-0.435365
0.05,19.35,0.87737,-0.479815
0.05,19.4,0.852292,-0.523066
0.05,19.45,0.825085,-0.565009
0.05,19.5,0.795815,-0.60554
0.05,19.55,0.764556,-0.644557
0.05,19.6,0.731386,-0.681963
0.05,19.65,0.696388,-0.717665
0.05,19.7,0.65965,-0.751573
0.05,19.75,0.621262,-0.783603
0.05,19.8,0.581322,-0.813674
0.05,19.85,0.539929,-0.841711
0.05,19.9,0.497186,-0.867644
0.05,19.95,0.4532,-0.891409
0.05,20,0.408082,-0.912945
0.05,20.05,0.361944,-0.9322
0.05,20.1,0.314901,-0.949124
0.05,20.15,0.267071,-0.963677
0.05,20.2,0.218574,-0.97582
0.05,20.25,0.16953,-0.985525
0.05,20.3,0.120062,-0.992766
0.05,20.35,0.0702944,-0.997526
0.05,20.4,0.020351,-0.999793
0.05,20.45,-0.0296432,-0.999561
0.05,20.5,-0.0795634,-0.99683
0.05,20.55,-0.129285,-0.991608
0.05,20.6,-0.178683,-0.983907
0.05,20.65,-0.227634,-0.973747
0.05,20.7,-0.276017,-0.961153
0.05,20.75,-0.32371,-0.946156
0.05,20.8,-0.370593,-0.928795
0.05,20.85,-0.41655,-0.909113
0.05,20.9,-0.461467,-0.887158
0.05,20.95,-0.505229,-0.862985
0.05,21,-0.547729,-0.836656
0.05,21.05,-0.58886,-0.808235
0.05,21.1,-0.628519,-0.777794
0.05,21.15,-0.666607,-0.745409
0.05,21.2,-0.703029,-0.711161
0.05,21.25,-0.737693,-0.675136
0.05,21.3,-0.770514,-0.637423
0.05,21.35,-0.801409,-0.598116
0.05,21.4,-0.830301,-0.557315
0.05,21.45,-0.857117,-0.515121
0.05,21.5,-0.881792,-0.471639
0.05,21.55,-0.904262,-0.426979
0.05,21.6,-0.924472,-0.381251
0.05,21.65,-0.942371,-0.33457
0.05,21.7,-0.957915,-0.287053
0.05,21.75,-0.971064,-0.238818
0.05,21.8,-0.981787,-0.189987
0.05,21.85,-0.990055,-0.140681
0.05,21.9,-0.995849,-0.0910226
0.05,21.95,-0.999154,-0.0411372
0.05,22,-0.999961,0.00885112
0.05,22.05,-0.998269,0.0588173
0.05,22.1,-0.994082,0.108636
0.05,22.15,-0.98741,0.158184
0.05,22.2,-0.97827,0.207336
0.05,22.25,-0.966685,0.25597
0.05,22.3,-0.952683,0.303964
0.05,22.35,-0.936301,0.351199
0.05,22.4,-0.917578,0.397556
0.05,22.45,-0.896562,0.442918
0.05,22.5,-0.873305,0.487174
0.05,22.55,-0.847865,0.530213
0.05,22.6,-0.820306,0.571925
0.05,22.65,-0.790696,0.612209
0.05,22.7,-0.75911,0.650962
0.05,22.75,-0.725627,0.688088
0.05,22.8,-0.69033,0.723495
0.05,22.85,-0.653308,0.757093
0.05,22.9,-0.614652,0.788798
0.05,22.95,-0.574461,0.818532
0.05,23,-0.532833,0.84622
0.05,23.05,-0.489874,0.871793
0.05,23.1,-0.44569,0.895187
0.05,23.15,-0.400392,0.916344
0.05,23.2,-0.354094,0.93521
0.05,23.25,-0.30691,0.951738
0.05,23.3,-0.25896,0.965888
0.05,23.35,-0.210362,0.977624
0.05,23.4,-0.161238,0.986916
0.05,23.45,-0.111711,0.993741
0.05,23.5,-0.0619055,0.998082
0.05,23.55,-0.0119448,0.999929
0.05,23.6,0.0380457,0.999276
0.05,23.65,0.0879411,0.996126
0.05,23.7,0.137617,0.990486
0.05,23.75,0.186948,0.98237
0.05,23.8,0.235813,0.971798
0.05,23.85,0.284088,0.958798
0.05,23.9,0.331653,0.943402
0.05,23.95,0.378389,0.925647
0.05,24,0.424179,0.905578
0.05,24.05,0.468909,0.883247
0.05,24.1,0.512467,0.858707
0.05,24.15,0.554744,0.832021
0.05,24.2,0.595634,0.803256
0.05,24.25,0.635036,0.772483
0.05,24.3,0.67285,0.739779
0.05,24.35,0.708983,0.705226
0.05,24.4,0.743343,0.66891
0.05,24.45,0.775846,0.630922
0.05,24.5,0.806409,0.591358
0.05,24.55,0.834957,0.550315
0.05,24.6,0.861418,0.507897
0.05,24.65,0.885726,0.464209
0.05,24.7,0.90782,0.419361
0.05,24.75,0.927644,0.373465
0.05,24.8,0.94515,0.326635
0.05,24.85,0.960294,0.278989
0.05,24.9,0.973038,0.230646
0.05,24.95,0.983349,0.181726
0.05,25,0.991203,0.132352
0.05,25.05,0.996579,0.0826471
0.05,25.1,0.999464,0.0327356
0.01,0,1,0
0.01,0.01,0.99995,-0.00999983
0.01,0.02,0.9998,-0.0199987
0.01,0.03,0.99955,-0.0299955
0.01,0.04,0.9992,-0.0399893
0.01,0.05,0.99875,-0.0499792
0.01,0.06,0.998201,-0.059964
0.01,0.07,0.997551,-0.0699428
0.01,0.08,0.996802,-0.0799147
0.01,0.09,0.995953,-0.0898785
0.01,0.1,0.995004,-0.0998334
0.01,0.11,0.993956,-0.109778
0.01,0.12,0.992809,-0.119712
0.01,0.13,0.991562,-0.129634
0.01,0.14,0.990216,-0.139543
0.01,0.15,0.988771,-0.149438
0.01,0.16,0.987227,-0.159318
0.01,0.17,0.985585,-0.169182
0.01,0.18,0.983844,-0.17903
0.01,0.19,0.982004,-0.188859
0.01,0.2,0.980067,-0.198669
0.01,0.21,0.978031,-0.20846
0.01,0.22,0.975897,-0.21823
0.01,0.23,0.973666,-0.227978
0.01,0.24,0.971338,-0.237703
0.01,0.25,0.968912,-0.247404
0.01,0.26,0.96639,-0.257081
0.01,0.27,0.963771,-0.266731
0.01,0.28,0.961055,-0.276356
0.01,0.29,0.958244,-0.285952
0.01,0.3,0.955336,-0.29552
0.01,0.31,0.952334,-0.305059
0.01,0.32,0.949235,-0.314567
0.01,0.33,0.946042,-0.324043
0.01,0.34,0.942755,-0.333487
0.01,0.35,0.939373,-0.342898
0.01,0.36,0.935897,-0.352274
0.01,0.37,0.932327,-0.361615
0.01,0.38,0.928665,-0.37092
0.01,0.39,0.924909,-0.380188
0.01,0.4,0.921061,-0.389418
0.01,0.41,0.917121,-0.398609
0.01,0.42,0.913089,-0.40776
0.01,0.43,0.908966,-0.416871
0.01,0.44,0.904752,-0.425939
0.01,0.45,0.900447,-0.434966
0.01,0.46,0.896052,-0.443948
0.01,0.47,0.891568,-0.452886
0.01,0.48,0.886995,-0.461779
0.01,0.49,0.882333,-0.470626
0.01,0.5,0.877583,-0.479426
0.01,0.51,0.872745,-0.488177
0.01,0.52,0.867819,-0.49688
0.01,0.53,0.862807,-0.505533
0.01,0.54,0.857709,-0.514136
0.01,0.55,0.852525,-0.522687
0.01,0.56,0.847255,-0.531186
0.01,0.57,0.841901,-0.539632
0.01,0.58,0.836463,-0.548024
0.01,0.59,0.830941,-0.556361
0.01,0.6,0.825336,-0.564642
0.01,0.61,0.819648,-0.572867
0.01,0.62,0.813878,-0.581035
0.01,0.63,0.808028,-0.589145
0.01,0.64,0.802096,-0.597195
0.01,0.65,0.796084,-0.605186
0.01,0.66,0.789992,-0.613117
0.01,0.67,0.783822,-0.620986
0.01,0.68,0.777573,-0.628793
0.01,0.69,0.771246,-0.636537
0.01,0.7,0.764842,-0.644218
0.01,0.71,0.758362,-0.651834
0.01,0.72,0.751806,-0.659385
0.01,0.73,0.745174,-0.66687
0.01,0.74,0.738469,-0.674288
0.01,0.75,0.731689,-0.681639
0.01,0.76,0.724836,-0.688921
0.01,0.77,0.717911,-0.696135
0.01,0.78,0.710914,-0.703279
0.01,0.79,0.703845,-0.710353
0.01,0.8,0.696707,-0.717356
0.01,0.81,0.689498,-0.724287
0.01,0.82,0.682221,-0.731146
0.01,0.83,0.674876,-0.737931
0.01,0.84,0.667463,-0.744643
0.01,0.85,0.659983,-0.75128
0.01,0.86,0.652437,-0.757843
0.01,0.87,0.644827,-0.764329
0.01,0.88,0.637151,-0.770739
0.01,0.89,0.629412,-0.777072
0.01,0.9,0.62161,-0.783327
0.01,0.91,0.613746,-0.789504
0.01,0.92,0.60582,-0.795602
0.01,0.93,0.597834,-0.80162
0.01,0.94,0.589788,-0.807558
0.01,0.95,0.581683,-0.813416
0.01,0.96,0.57352,-0.819192
0.01,0.97,0.5653,-0.824886
0.01,0.98,0.557023,-0.830497
0.01,0.99,0.54869,-0.836026
0.01,1,0.540302,-0.841471
0.01,1.01,0.531861,-0.846832
0.01,1.02,0.523366,-0.852108
0.01,1.03,0.514819,-0.857299
0.01,1.04,0.50622,-0.862404
0.01,1.05,0.497571,-0.867423
0.01,1.06,0.488872,-0.872355
0.01,1.07,0.480124,-0.877201
0.01,1.08,0.471328,-0.881958
0.01,1.09,0.462485,-0.886627
0.01,1.1,0.453596,-0.891207
0.01,1.11,0.444662,-0.895699
0.01,1.12,0.435682,-0.9001
0.01,1.13,0.42666,-0.904412
0.01,1.14,0.417595,-0.908633
0.01,1.15,0.408487,-0.912764
0.01,1.16,0.39934,-0.916803
0.01,1.17,0.390152,-0.920751
0.01,1.18,0.380925,-0.924606
0.01,1.19,0.37166,-0.928369
0.01,1.2,0.362358,-0.932039
0.01,1.21,0.353019,-0.935616
0.01,1.22,0.343646,-0.939099
0.01,1.23,0.334238,-0.942489
0.01,1.24,0.324796,-0.945784
0.01,1.25,0.315322,-0.948985
0.01,1.26,0.305817,-0.95209
0.01,1.27,0.296281,-0.955101
0.01,1.28,0.286715,-0.958016
0.01,1.29,0.277121,-0.960835
0.01,1.3,0.267499,-0.963558
0.01,1.31,0.25785,-0.966185
0.01,1.32,0.248175,-0.968715
0.01,1.33,0.238476,-0.971148
0.01,1.34,0.228753,-0.973485
0.01,1.35,0.219007,-0.975723
0.01,1.36,0.209239,-0.977865
0.01,1.37,0.19945,-0.979908
0.01,1.38,0.189641,-0.981854
0.01,1.39,0.179813,-0.983701
0.01,1.4,0.169967,-0.98545
0.01,1.41,0.160104,-0.9871
0.01,1.42,0.150225,-0.988652
0.01,1.43,0.140332,-0.990105
0.01,1.44,0.130424,-0.991458
0.01,1.45,0.120503,-0.992713
0.01,1.46,0.11057,-0.993868
0.01,1.47,0.100626,-0.994924
0.01,1.48,0.0906716,-0.995881
0.01,1.49,0.0807084,-0.996738
0.01,1.5,0.0707372,-0.997495
0.01,1.51,0.0607589,-0.998152
0.01,1.52,0.0507745,-0.99871
0.01,1.53,0.040785,-0.999168
0.01,1.54,0.0307915,-0.999526
0.01,1.55,0.0207948,-0.999784
0.01,1.56,0.0107961,-0.999942
0.01,1.57,0.000796327,-1
0.01,1.58,-0.00920354,-0.999958
0.01,1.59,-0.0192025,-0.999816
0.01,1.6,-0.0291995,-0.999574
0.01,1.61,-0.0391936,-0.999232
0.01,1.62,-0.0491838,-0.99879
0.01,1.63,-0.0591691,-0.998248
0.01,1.64,-0.0691484,-0.997606
0.01,1.65,-0.0791209,-0.996865
0.01,1.66,-0.0890854,-0.996024
0.01,1.67,-0.099041,-0.995083
0.01,1.68,-0.108987,-0.994043
0.01,1.69,-0.118922,-0.992904
0.01,1.7,-0.128844,-0.991665
0.01,1.71,-0.138755,-0.990327
0.01,1.72,-0.148651,-0.98889
0.01,1.73,-0.158532,-0.987354
0.01,1.74,-0.168397,-0.985719
0.01,1.75,-0.178246,-0.983986
0.01,1.76,-0.188077,-0.982154
0.01,1.77,-0.197889,-0.980224
0.01,1.78,-0.207681,-0.978197
0.01,1.79,-0.217452,-0.976071
0.01,1.8,-0.227202,-0.973848
0.01,1.81,-0.236929,-0.971527
0.01,1.82,-0.246632,-0.969109
0.01,1.83,-0.256311,-0.966594
0.01,1.84,-0.265964,-0.963983
0.01,1.85,-0.27559,-0.961275
0.01,1.86,-0.285189,-0.958471
0.01,1.87,-0.294759,-0.955572
0.01,1.88,-0.3043,-0.952576
0.01,1.89,-0.313811,-0.949486
0.01,1.9,-0.32329,-0.9463
0.01,1.91,-0.332736,-0.94302
0.01,1.92,-0.34215,-0.939645
0.01,1.93,-0.351529,-0.936177
0.01,1.94,-0.360873,-0.932615
0.01,1.95,-0.370181,-0.92896
0.01,1.96,-0.379452,-0.925212
0.01,1.97,-0.388685,-0.921371
0.01,1.98,-0.397879,-0.917438
0.01,1.99,-0.407033,-0.913413
0.01,2,-0.416147,-0.909297
0.01,2.01,-0.425219,-0.905091
0.01,2.02,-0.434248,-0.900793
0.01,2.03,-0.443234,-0.896406
0.01,2.04,-0.452176,-0.891929
0.01,2.05,-0.461073,-0.887362
0.01,2.06,-0.469923,-0.882707
0.01,2.07,-0.478727,-0.877964
0.01,2.08,-0.487482,-0.873133
0.01,2.09,-0.496189,-0.868215
0.01,2.1,-0.504846,-0.863209
0.01,2.11,-0.513453,-0.858118
0.01,2.12,-0.522008,-0.85294
0.01,2.13,-0.530511,-0.847678
0.01,2.14,-0.538961,-0.84233
0.01,2.15,-0.547358,-0.836899
0.01,2.16,-0.555699,-0.831383
0.01,2.17,-0.563985,-0.825785
0.01,2.18,-0.572215,-0.820104
0.01,2.19,-0.580387,-0.814341
0.01,2.2,-0.588501,-0.808496
0.01,2.21,-0.596557,-0.802571
0.01,2.22,-0.604552,-0.796565
0.01,2.23,-0.612488,-0.79048
0.01,2.24,-0.620362,-0.784316
0.01,2.25,-0.628174,-0.778073
0.01,2.26,-0.635923,-0.771753
0.01,2.27,-0.643608,-0.765355
0.01,2.28,-0.65123,-0.758881
0.01,2.29,-0.658786,-0.752331
0.01,2.3,-0.666276,-0.745705
0.01,2.31,-0.6737,-0.739005
0.01,2.32,-0.681056,-0.732231
0.01,2.33,-0.688344,-0.725384
0.01,2.34,-0.695563,-0.718465
0.01,2.35,-0.702713,-0.711473
0.01,2.36,-0.709793,-0.704411
0.01,2.37,-0.716801,-0.697278
0.01,2.38,-0.723738,-0.690075
0.01,2.39,-0.730602,-0.682803
0.01,2.4,-0.737394,-0.675463
0.01,2.41,-0.744111,-0.668056
0.01,2.42,-0.750755,-0.660581
0.01,2.43,-0.757323,-0.653041
0.01,2.44,-0.763815,-0.645435
0.01,2.45,-0.770231,-0.637765
0.01,2.46,-0.77657,-0.630031
0.01,2.47,-0.782832,-0.622234
0.01,2.48,-0.789015,-0.614374
0.01,2.49,-0.795119,-0.606454
0.01,2.5,-0.801144,-0.598472
0.01,2.51,-0.807088,-0.590431
0.01,2.52,-0.812952,-0.582331
0.01,2.53,-0.818735,-0.574172
0.01,2.54,-0.824435,-0.565956
0.01,2.55,-0.830054,-0.557684
0.01,2.56,-0.835589,-0.549355
0.01,2.57,-0.84104,-0.540972
0.01,2.58,-0.846408,-0.532535
0.01,2.59,-0.851691,-0.524044
0.01,2.6,-0.856889,-0.515501
0.01,2.61,-0.862001,-0.506907
0.01,2.62,-0.867027,-0.498262
0.01,2.63,-0.871966,-0.489567
0.01,2.64,-0.876818,-0.480823
0.01,2.65,-0.881582,-0.472031
0.01,2.66,-0.886258,-0.463191
0.01,2.67,-0.890846,-0.454306
0.01,2.68,-0.895344,-0.445375
0.01,2.69,-0.899753,-0.436399
0.01,2.7,-0.904072,-0.42738
0.01,2.71,-0.908301,-0.418318
0.01,2.72,-0.912438,-0.409214
0.01,2.73,-0.916485,-0.400069
0.01,2.74,-0.92044,-0.390885
0.01,2.75,-0.924302,-0.381661
0.01,2.76,-0.928073,-0.372399
0.01,2.77,-0.93175,-0.3631
0.01,2.78,-0.935335,-0.353764
0.01,2.79,-0.938825,-0.344393
0.01,2.8,-0.942222,-0.334988
0.01,2.81,-0.945525,-0.325549
0.01,2.82,-0.948733,-0.316078
0.01,2.83,-0.951847,-0.306575
0.01,2.84,-0.954865,-0.297041
0.01,2.85,-0.957787,-0.287478
0.01,2.86,-0.960614,-0.277886
0.01,2.87,-0.963345,-0.268266
0.01,2.88,-0.965979,-0.258619
0.01,2.89,-0.968517,-0.248947
0.01,2.9,-0.970958,-0.239249
0.01,2.91,-0.973302,-0.229528
0.01,2.92,-0.975549,-0.219784
0.01,2.93,-0.977698,-0.210017
0.01,2.94,-0.979749,-0.20023
0.01,2.95,-0.981702,-0.190423
0.01,2.96,-0.983557,-0.180596
0.01,2.97,-0.985314,-0.170752
0.01,2.98,-0.986972,-0.16089
0.01,2.99,-0.988532,-0.151013
0.01,3,-0.989992,-0.14112
0.01,3.01,-0.991354,-0.131213
0.01,3.02,-0.992617,-0.121293
0.01,3.03,-0.99378,-0.111361
0.01,3.04,-0.994844,-0.101418
0.01,3.05,-0.995808,-0.0914646
0.01,3.06,-0.996673,-0.0815022
0.01,3.07,-0.997438,-0.0715315
0.01,3.08,-0.998104,-0.0615537
0.01,3.09,-0.998669,-0.0515698
0.01,3.1,-0.999135,-0.0415807
0.01,3.11,-0.999501,-0.0315874
0.01,3.12,-0.999767,-0.021591
0.01,3.13,-0.999933,-0.0115924
0.01,3.14,-0.999999,-0.00159265
0.01,3.15,-0.999965,0.00840725
0.01,3.16,-0.999831,0.0184063
0.01,3.17,-0.999597,0.0284035
0.01,3.18,-0.999263,0.0383979
0.01,3.19,-0.998829,0.0483884
0.01,3.2,-0.998295,0.0583741
0.01,3.21,-0.997661,0.068354
0.01,3.22,-0.996928,0.078327
0.01,3.23,-0.996095,0.0882922
0.01,3.24,-0.995162,0.0982486
0.01,3.25,-0.99413,0.108195
0.01,3.26,-0.992998,0.118131
0.01,3.27,-0.991767,0.128055
0.01,3.28,-0.990437,0.137966
0.01,3.29,-0.989008,0.147863
0.01,3.3,-0.98748,0.157746
0.01,3.31,-0.985853,0.167612
0.01,3.32,-0.984128,0.177462
0.01,3.33,-0.982304,0.187295
0.01,3.34,-0.980382,0.197108
0.01,3.35,-0.978362,0.206902
0.01,3.36,-0.976244,0.216675
0.01,3.37,-0.974028,0.226427
0.01,3.38,-0.971715,0.236155
0.01,3.39,-0.969305,0.245861
0.01,3.4,-0.966798,0.255541
0.01,3.41,-0.964194,0.265196
0.01,3.42,-0.961494,0.274825
0.01,3.43,-0.958698,0.284426
0.01,3.44,-0.955806,0.293998
0.01,3.45,-0.952818,0.303542
0.01,3.46,-0.949735,0.313054
0.01,3.47,-0.946557,0.322536
0.01,3.48,-0.943285,0.331985
0.01,3.49,-0.939918,0.341401
0.01,3.5,-0.936457,0.350783
0.01,3.51,-0.932902,0.36013
0.01,3.52,-0.929254,0.369441
0.01,3.53,-0.925513,0.378715
0.01,3.54,-0.92168,0.387951
0.01,3.55,-0.917755,0.397148
0.01,3.56,-0.913737,0.406306
0.01,3.57,-0.909629,0.415423
0.01,3.58,-0.905429,0.424498
0.01,3.59,-0.901139,0.433531
0.01,3.6,-0.896758,0.44252
0.01,3.61,-0.892288,0.451466
0.01,3.62,-0.887729,0.460366
0.01,3.63,-0.883081,0.46922
0.01,3.64,-0.878345,0.478027
0.01,3.65,-0.873521,0.486787
0.01,3.66,-0.868609,0.495497
0.01,3.67,-0.863611,0.504159
0.01,3.68,-0.858526,0.512769
0.01,3.69,-0.853356,0.521329
0.01,3.7,-0.8481,0.529836
0.01,3.71,-0.842759,0.538291
0.01,3.72,-0.837334,0.546691
0.01,3.73,-0.831826,0.555037
0.01,3.74,-0.826234,0.563327
0.01,3.75,-0.820559,0.571561
0.01,3.76,-0.814803,0.579738
0.01,3.77,-0.808965,0.587857
0.01,3.78,-0.803046,0.595917
0.01,3.79,-0.797047,0.603918
0.01,3.8,-0.790968,0.611858
0.01,3.81,-0.78481,0.619737
0.01,3.82,-0.778573,0.627554
0.01,3.83,-0.772259,0.635308
0.01,3.84,-0.765867,0.642999
0.01,3.85,-0.759399,0.650625
0.01,3.86,-0.752855,0.658186
0.01,3.87,-0.746236,0.665682
0.01,3.88,-0.739542,0.673111
0.01,3.89,-0.732774,0.680473
0.01,3.9,-0.725932,0.687766
0.01,3.91,-0.719018,0.694991
0.01,3.92,-0.712033,0.702146
0.01,3.93,-0.704976,0.709231
0.01,3.94,-0.697848,0.716246
0.01,3.95,-0.690651,0.723188
0.01,3.96,-0.683385,0.730058
0.01,3.97,-0.67605,0.736856
0.01,3.98,-0.668648,0.743579
0.01,3.99,-0.661179,0.750228
0.01,4,-0.653644,0.756802
0.01,4.01,-0.646043,0.763301
0.01,4.02,-0.638378,0.769723
0.01,4.03,-0.630649,0.776068
0.01,4.04,-0.622857,0.782336
0.01,4.05,-0.615002,0.788525
0.01,4.06,-0.607087,0.794636
0.01,4.07,-0.59911,0.800667
0.01,4.08,-0.591073,0.806618
0.01,4.09,-0.582978,0.812488
0.01,4.1,-0.574824,0.818277
0.01,4.11,-0.566613,0.823984
0.01,4.12,-0.558345,0.829609
0.01,4.13,-0.550021,0.835151
0.01,4.14,-0.541642,0.840609
0.01,4.15,-0.533209,0.845984
0.01,4.16,-0.524722,0.851273
0.01,4.17,-0.516184,0.856478
0.01,4.18,-0.507593,0.861597
0.01,4.19,-0.498952,0.86663
0.01,4.2,-0.490261,0.871576
0.01,4.21,-0.481521,0.876435
0.01,4.22,-0.472732,0.881206
0.01,4.23,-0.463897,0.885889
0.01,4.24,-0.455015,0.890484
0.01,4.25,-0.446087,0.894989
0.01,4.26,-0.437115,0.899405
0.01,4.27,-0.4281,0.903732
0.01,4.28,-0.419041,0.907967
0.01,4.29,-0.409941,0.912112
0.01,4.3,-0.400799,0.916166
0.01,4.31,-0.391618,0.920128
0.01,4.32,-0.382397,0.923998
0.01,4.33,-0.373138,0.927776
0.01,4.34,-0.363842,0.931461
0.01,4.35,-0.354509,0.935053
0.01,4.36,-0.345141,0.938551
0.01,4.37,-0.335738,0.941955
0.01,4.38,-0.326302,0.945266
0.01,4.39,-0.316833,0.948481
0.01,4.4,-0.307333,0.951602
0.01,4.41,-0.297802,0.954628
0.01,4.42,-0.288241,0.957558
0.01,4.43,-0.278651,0.960392
0.01,4.44,-0.269033,0.963131
0.01,4.45,-0.259389,0.965773
0.01,4.46,-0.249718,0.968319
0.01,4.47,-0.240022,0.970767
0.01,4.48,-0.230303,0.973119
0.01,4.49,-0.22056,0.975373
0.01,4.5,-0.210796,0.97753
0.01,4.51,-0.20101,0.979589
0.01,4.52,-0.191204,0.98155
0.01,4.53,-0.181379,0.983413
0.01,4.54,-0.171536,0.985178
0.01,4.55,-0.161676,0.986844
0.01,4.56,-0.1518,0.988411
0.01,4.57,-0.141908,0.98988
0.01,4.58,-0.132003,0.991249
0.01,4.59,-0.122084,0.99252
0.01,4.6,-0.112153,0.993691
0.01,4.61,-0.10221,0.994763
0.01,4.62,-0.0922576,0.995735
0.01,4.63,-0.0822958,0.996608
0.01,4.64,-0.0723258,0.997381
0.01,4.65,-0.0623485,0.998054
0.01,4.66,-0.052365,0.998628
0.01,4.67,-0.0423763,0.999102
0.01,4.68,-0.0323833,0.999476
0.01,4.69,-0.0223871,0.999749
0.01,4.7,-0.0123887,0.999923
0.01,4.71,-0.00238898,0.999997
0.01,4.72,0.00761095,0.999971
0.01,4.73,0.0176101,0.999845
0.01,4.74,0.0276075,0.999619
0.01,4.75,0.0376022,0.999293
0.01,4.76,0.047593,0.998867
0.01,4.77,0.0575792,0.998341
0.01,4.78,0.0675595,0.997715
0.01,4.79,0.0775331,0.99699
0.01,4.8,0.087499,0.996165
0.01,4.81,0.0974561,0.99524
0.01,4.82,0.107403,0.994216
0.01,4.83,0.11734,0.993092
0.01,4.84,0.127265,0.991869
0.01,4.85,0.137177,0.990547
0.01,4.86,0.147076,0.989125
0.01,4.87,0.156959,0.987605
0.01,4.88,0.166827,0.985986
0.01,4.89,0.176679,0.984269
0.01,4.9,0.186512,0.982453
0.01,4.91,0.196327,0.980538
0.01,4.92,0.206123,0.978526
0.01,4.93,0.215898,0.976416
0.01,4.94,0.225651,0.974208
0.01,4.95,0.235381,0.971903
0.01,4.96,0.245089,0.969501
0.01,4.97,0.254771,0.967001
0.01,4.98,0.264428,0.964405
0.01,4.99,0.274059,0.961713
0.01,5,0.283662,0.958924
0.01,5.01,0.293237,0.95604
0.01,5.02,0.302783,0.95306
0.01,5.03,0.312298,0.949984
0.01,5.04,0.321782,0.946814
0.01,5.05,0.331234,0.943549
0.01,5.06,0.340653,0.940189
0.01,5.07,0.350037,0.936736
0.01,5.08,0.359387,0.933189
0.01,5.09,0.368701,0.929548
0.01,5.1,0.377978,0.925815
0.01,5.11,0.387217,0.921989
0.01,5.12,0.396417,0.91807
0.01,5.13,0.405578,0.91406
0.01,5.14,0.414698,0.909959
0.01,5.15,0.423777,0.905767
0.01,5.16,0.432813,0.901484
0.01,5.17,0.441806,0.897111
0.01,5.18,0.450755,0.892648
0.01,5.19,0.459659,0.888096
0.01,5.2,0.468517,0.883455
0.01,5.21,0.477328,0.878725
0.01,5.22,0.486091,0.873908
0.01,5.23,0.494806,0.869004
0.01,5.24,0.503471,0.864012
0.01,5.25,0.512085,0.858934
0.01,5.26,0.520649,0.853771
0.01,5.27,0.529161,0.848522
0.01,5.28,0.537619,0.843188
0.01,5.29,0.546024,0.837769
0.01,5.3,0.554374,0.832267
0.01,5.31,0.562669,0.826682
0.01,5.32,0.570908,0.821014
0.01,5.33,0.579089,0.815264
0.01,5.34,0.587213,0.809433
0.01,5.35,0.595278,0.80352
0.01,5.36,0.603283,0.797527
0.01,5.37,0.611228,0.791455
0.01,5.38,0.619112,0.785303
0.01,5.39,0.626934,0.779073
0.01,5.4,0.634693,0.772764
0.01,5.41,0.642389,0.766379
0.01,5.42,0.65002,0.759917
0.01,5.43,0.657587,0.753379
0.01,5.44,0.665088,0.746765
0.01,5.45,0.672522,0.740077
0.01,5.46,0.679889,0.733315
0.01,5.47,0.687188,0.72648
0.01,5.48,0.694418,0.719572
0.01,5.49,0.701579,0.712592
0.01,5.5,0.70867,0.70554
0.01,5.51,0.71569,0.698418
0.01,5.52,0.722638,0.691227
0.01,5.53,0.729514,0.683966
0.01,5.54,0.736317,0.676637
0.01,5.55,0.743046,0.66924
0.01,5.56,0.749702,0.661776
0.01,5.57,0.756282,0.654246
0.01,5.58,0.762786,0.646651
0.01,5.59,0.769215,0.638991
0.01,5.6,0.775566,0.631267
0.01,5.61,0.78184,0.62348
0.01,5.62,0.788035,0.61563
0.01,5.63,0.794152,0.607719
0.01,5.64,0.800189,0.599747
0.01,5.65,0.806147,0.591716
0.01,5.66,0.812024,0.583625
0.01,5.67,0.817819,0.575475
0.01,5.68,0.823533,0.567269
0.01,5.69,0.829164,0.559005
0.01,5.7,0.834713,0.550686
0.01,5.71,0.840178,0.542311
0.01,5.72,0.845559,0.533882
0.01,5.73,0.850855,0.5254
0.01,5.74,0.856067,0.516865
0.01,5.75,0.861192,0.508279
0.01,5.76,0.866232,0.499642
0.01,5.77,0.871185,0.490955
0.01,5.78,0.876051,0.482218
0.01,5.79,0.880829,0.473434
0.01,5.8,0.88552,0.464602
0.01,5.81,0.890121,0.455724
0.01,5.82,0.894634,0.4468
0.01,5.83,0.899057,0.437832
0.01,5.84,0.90339,0.428819
0.01,5.85,0.907633,0.419764
0.01,5.86,0.911785,0.410667
0.01,5.87,0.915846,0.401529
0.01,5.88,0.919816,0.39235
0.01,5.89,0.923693,0.383133
0.01,5.9,0.927478,0.373877
0.01,5.91,0.931171,0.364583
0.01,5.92,0.93477,0.355254
0.01,5.93,0.938276,0.345888
0.01,5.94,0.941688,0.336488
0.01,5.95,0.945005,0.327055
0.01,5.96,0.948229,0.317589
0.01,5.97,0.951357,0.308091
0.01,5.98,0.95439,0.298562
0.01,5.99,0.957328,0.289003
0.01,6,0.96017,0.279415
0.01,6.01,0.962916,0.2698
0.01,6.02,0.965566,0.260157
0.01,6.03,0.968119,0.250489
0.01,6.04,0.970576,0.240795
0.01,6.05,0.972935,0.231078
0.01,6.06,0.975197,0.221337
0.01,6.07,0.977362,0.211574
0.01,6.08,0.979429,0.20179
0.01,6.09,0.981398,0.191986
0.01,6.1,0.983268,0.182163
0.01,6.11,0.985041,0.172321
0.01,6.12,0.986715,0.162462
0.01,6.13,0.98829,0.152587
0.01,6.14,0.989766,0.142697
0.01,6.15,0.991144,0.132792
0.01,6.16,0.992422,0.122874
0.01,6.17,0.993601,0.112944
0.01,6.18,0.994681,0.103002
0.01,6.19,0.995661,0.0930505
0.01,6.2,0.996542,0.0830894
0.01,6.21,0.997323,0.07312
0.01,6.22,0.998004,0.0631433
0.01,6.23,0.998586,0.0531602
0.01,6.24,0.999068,0.0431719
0.01,6.25,0.999449,0.0331792
0.01,6.26,0.999731,0.0231832
0.01,6.27,0.999913,0.0131849
0.01,6.28,0.999995,0.0031853
0.01,6.29,0.999977,-0.00681464
0.01,6.3,0.999859,-0.0168139
0.01,6.31,0.999641,-0.0268115
0.01,6.32,0.999322,-0.0368064
0.01,6.33,0.998904,-0.0467976
0.01,6.34,0.998386,-0.0567841
0.01,6.35,0.997769,-0.066765
0.01,6.36,0.997051,-0.0767392
0.01,6.37,0.996234,-0.0867057
0.01,6.38,0.995317,-0.0966635
0.01,6.39,0.994301,-0.106612
0.01,6.4,0.993185,-0.116549
0.01,6.41,0.99197,-0.126475
0.01,6.42,0.990655,-0.136388
0.01,6.43,0.989242,-0.146288
0.01,6.44,0.98773,-0.156173
0.01,6.45,0.986119,-0.166042
0.01,6.46,0.984409,-0.175895
0.01,6.47,0.982601,-0.18573
0.01,6.48,0.980694,-0.195547
0.01,6.49,0.97869,-0.205344
0.01,6.5,0.976588,-0.21512
0.01,6.51,0.974388,-0.224875
0.01,6.52,0.97209,-0.234607
0.01,6.53,0.969696,-0.244316
0.01,6.54,0.967204,-0.254001
0.01,6.55,0.964616,-0.26366
0.01,6.56,0.961931,-0.273293
0.01,6.57,0.95915,-0.282898
0.01,6.58,0.956273,-0.292476
0.01,6.59,0.9533,-0.302024
0.01,6.6,0.950233,-0.311541
0.01,6.61,0.94707,-0.321028
0.01,6.62,0.943812,-0.330482
0.01,6.63,0.94046,-0.339904
0.01,6.64,0.937014,-0.349291
0.01,6.65,0.933474,-0.358644
0.01,6.66,0.929841,-0.367961
0.01,6.67,0.926115,-0.37724
0.01,6.68,0.922297,-0.386483
0.01,6.69,0.918386,-0.395686
0.01,6.7,0.914383,-0.40485
0.01,6.71,0.910289,-0.413973
0.01,6.72,0.906104,-0.423055
0.01,6.73,0.901828,-0.432095
0.01,6.74,0.897462,-0.441092
0.01,6.75,0.893006,-0.450044
0.01,6.76,0.888461,-0.458951
0.01,6.77,0.883827,-0.467813
0.01,6.78,0.879105,-0.476628
0.01,6.79,0.874295,-0.485395
0.01,6.8,0.869397,-0.494113
0.01,6.81,0.864413,-0.502782
0.01,6.82,0.859342,-0.511401
0.01,6.83,0.854185,-0.519969
0.01,6.84,0.848943,-0.528485
0.01,6.85,0.843616,-0.536948
0.01,6.86,0.838204,-0.545357
0.01,6.87,0.832709,-0.553711
0.01,6.88,0.82713,-0.562011
0.01,6.89,0.821469,-0.570254
0.01,6.9,0.815725,-0.57844
0.01,6.91,0.8099,-0.586568
0.01,6.92,0.803994,-0.594637
0.01,6.93,0.798007,-0.602648
0.01,6.94,0.791941,-0.610597
0.01,6.95,0.785796,-0.618486
0.01,6.96,0.779572,-0.626313
0.01,6.97,0.77327,-0.634077
0.01,6.98,0.76689,-0.641778
0.01,6.99,0.760434,-0.649415
0.01,7,0.753902,-0.656987
0.01,7.01,0.747295,-0.664493
0.01,7.02,0.740613,-0.671932
0.01,7.03,0.733856,-0.679305
0.01,7.04,0.727027,-0.686609
0.01,7.05,0.720124,-0.693845
0.01,7.06,0.71315,-0.701011
0.01,7.07,0.706104,-0.708108
0.01,7.08,0.698988,-0.715133
0.01,7.09,0.691802,-0.722087
0.01,7.1,0.684547,-0.728969
0.01,7.11,0.677223,-0.735778
0.01,7.12,0.669831,-0.742513
0.01,7.13,0.662373,-0.749174
0.01,7.14,0.654848,-0.755761
0.01,7.15,0.647258,-0.762271
0.01,7.16,0.639603,-0.768705
0.01,7.17,0.631884,-0.775063
0.01,7.18,0.624102,-0.781343
0.01,7.19,0.616257,-0.787545
0.01,7.2,0.608351,-0.793668
0.01,7.21,0.600384,-0.799712
0.01,7.22,0.592357,-0.805675
0.01,7.23,0.584271,-0.811559
0.01,7.24,0.576126,-0.817361
0.01,7.25,0.567924,-0.823081
0.01,7.26,0.559665,-0.828719
0.01,7.27,0.55135,-0.834274
0.01,7.28,0.54298,-0.839746
0.01,7.29,0.534555,-0.845133
0.01,7.3,0.526078,-0.850437
0.01,7.31,0.517547,-0.855655
0.01,7.32,0.508965,-0.860787
0.01,7.33,0.500332,-0.865834
0.01,7.34,0.491648,-0.870794
0.01,7.35,0.482916,-0.875667
0.01,7.36,0.474135,-0.880452
0.01,7.37,0.465307,-0.885149
0.01,7.38,0.456433,-0.889758
0.01,7.39,0.447512,-0.894278
0.01,7.4,0.438547,-0.898708
0.01,7.41,0.429538,-0.903049
0.01,7.42,0.420487,-0.907299
0.01,7.43,0.411393,-0.911458
0.01,7.44,0.402258,-0.915526
0.01,7.45,0.393083,-0.919503
0.01,7.46,0.383868,-0.923388
0.01,7.47,0.374615,-0.92718
0.01,7.48,0.365325,-0.93088
0.01,7.49,0.355998,-0.934487
0.01,7.5,0.346635,-0.938
0.01,7.51,0.337238,-0.941419
0.01,7.52,0.327807,-0.944745
0.01,7.53,0.318344,-0.947975
0.01,7.54,0.308848,-0.951111
0.01,7.55,0.299322,-0.954152
0.01,7.56,0.289765,-0.957098
0.01,7.57,0.28018,-0.959947
0.01,7.58,0.270567,-0.962701
0.01,7.59,0.260926,-0.965359
0.01,7.6,0.25126,-0.96792
0.01,7.61,0.241568,-0.970384
0.01,7.62,0.231852,-0.972751
0.01,7.63,0.222114,-0.975021
0.01,7.64,0.212352,-0.977193
0.01,7.65,0.20257,-0.979268
0.01,7.66,0.192767,-0.981244
0.01,7.67,0.182945,-0.983123
0.01,7.68,0.173105,-0.984903
0.01,7.69,0.163248,-0.986585
0.01,7.7,0.153374,-0.988168
0.01,7.71,0.143485,-0.989653
0.01,7.72,0.133581,-0.991038
0.01,7.73,0.123664,-0.992324
0.01,7.74,0.113735,-0.993511
0.01,7.75,0.103794,-0.994599
0.01,7.76,0.0938433,-0.995587
0.01,7.77,0.0838829,-0.996476
0.01,7.78,0.0739142,-0.997265
0.01,7.79,0.063938,-0.997954
0.01,7.8,0.0539554,-0.998543
0.01,7.81,0.0439675,-0.999033
0.01,7.82,0.0339751,-0.999423
0.01,7.83,0.0239793,-0.999712
0.01,7.84,0.0139812,-0.999902
0.01,7.85,0.00398162,-0.999992
0.01,7.86,-0.00601833,-0.999982
0.01,7.87,-0.0160177,-0.999872
0.01,7.88,-0.0260154,-0.999662
0.01,7.89,-0.0360106,-0.999351
0.01,7.9,-0.0460021,-0.998941
0.01,7.91,-0.0559891,-0.998431
0.01,7.92,-0.0659704,-0.997822
0.01,7.93,-0.0759452,-0.997112
0.01,7.94,-0.0859123,-0.996303
0.01,7.95,-0.0958709,-0.995394
0.01,7.96,-0.10582,-0.994385
0.01,7.97,-0.115758,-0.993277
0.01,7.98,-0.125685,-0.99207
0.01,7.99,-0.135599,-0.990764
0.01,8,-0.1455,-0.989358
0.01,8.01,-0.155386,-0.987854
0.01,8.02,-0.165257,-0.986251
0.01,8.03,-0.175111,-0.984549
0.01,8.04,-0.184947,-0.982748
0.01,8.05,-0.194765,-0.98085
0.01,8.06,-0.204564,-0.978853
0.01,8.07,-0.214342,-0.976759
0.01,8.08,-0.224099,-0.974566
0.01,8.09,-0.233833,-0.972277
0.01,8.1,-0.243544,-0.96989
0.01,8.11,-0.253231,-0.967406
0.01,8.12,-0.262892,-0.964825
0.01,8.13,-0.272527,-0.962148
0.01,8.14,-0.282135,-0.959375
0.01,8.15,-0.291714,-0.956506
0.01,8.16,-0.301264,-0.953541
0.01,8.17,-0.310785,-0.95048
0.01,8.18,-0.320274,-0.947325
0.01,8.19,-0.329731,-0.944075
0.01,8.2,-0.339155,-0.940731
0.01,8.21,-0.348545,-0.937292
0.01,8.22,-0.3579,-0.93376
0.01,8.23,-0.36722,-0.930134
0.01,8.24,-0.376503,-0.926415
0.01,8.25,-0.385748,-0.922604
0.01,8.26,-0.394955,-0.918701
0.01,8.27,-0.404122,-0.914705
0.01,8.28,-0.413248,-0.910618
0.01,8.29,-0.422334,-0.90644
0.01,8.3,-0.431377,-0.902172
0.01,8.31,-0.440377,-0.897813
0.01,8.32,-0.449333,-0.893364
0.01,8.33,-0.458244,-0.888827
0.01,8.34,-0.467109,-0.8842
0.01,8.35,-0.475928,-0.879484
0.01,8.36,-0.484698,-0.874681
0.01,8.37,-0.493421,-0.869791
0.01,8.38,-0.502094,-0.864813
0.01,8.39,-0.510717,-0.859749
0.01,8.4,-0.519289,-0.854599
0.01,8.41,-0.527809,-0.849363
0.01,8.42,-0.536276,-0.844043
0.01,8.43,-0.544689,-0.838638
0.01,8.44,-0.553048,-0.833149
0.01,8.45,-0.561352,-0.827577
0.01,8.46,-0.569599,-0.821922
0.01,8.47,-0.57779,-0.816185
0.01,8.48,-0.585923,-0.810367
0.01,8.49,-0.593997,-0.804467
0.01,8.5,-0.602012,-0.798487
0.01,8.51,-0.609967,-0.792427
0.01,8.52,-0.61786,-0.786288
0.01,8.53,-0.625692,-0.78007
0.01,8.54,-0.633461,-0.773774
0.01,8.55,-0.641167,-0.767401
0.01,8.56,-0.648809,-0.760951
0.01,8.57,-0.656386,-0.754425
0.01,8.58,-0.663897,-0.747824
0.01,8.59,-0.671342,-0.741147
0.01,8.6,-0.67872,-0.734397
0.01,8.61,-0.68603,-0.727573
0.01,8.62,-0.693271,-0.720677
0.01,8.63,-0.700443,-0.713708
0.01,8.64,-0.707545,-0.706668
0.01,8.65,-0.714576,-0.699557
0.01,8.66,-0.721536,-0.692377
0.01,8.67,-0.728424,-0.685127
0.01,8.68,-0.735238,-0.677809
0.01,8.69,-0.74198,-0.670422
0.01,8.7,-0.748647,-0.662969
0.01,8.71,-0.755239,-0.65545
0.01,8.72,-0.761755,-0.647865
0.01,8.73,-0.768196,-0.640215
0.01,8.74,-0.77456,-0.632501
0.01,8.75,-0.780846,-0.624724
0.01,8.76,-0.787054,-0.616884
0.01,8.77,-0.793183,-0.608983
0.01,8.78,-0.799233,-0.601021
0.01,8.79,-0.805203,-0.592999
0.01,8.8,-0.811093,-0.584917
0.01,8.81,-0.816902,-0.576777
0.01,8.82,-0.822628,-0.568579
0.01,8.83,-0.828273,-0.560325
0.01,8.84,-0.833835,-0.552014
0.01,8.85,-0.839313,-0.543648
0.01,8.86,-0.844707,-0.535228
0.01,8.87,-0.850017,-0.526755
0.01,8.88,-0.855242,-0.518228
0.01,8.89,-0.860382,-0.50965
0.01,8.9,-0.865435,-0.501021
0.01,8.91,-0.870402,-0.492342
0.01,8.92,-0.875282,-0.483613
0.01,8.93,-0.880074,-0.474836
0.01,8.94,-0.884778,-0.466012
0.01,8.95,-0.889394,-0.457141
0.01,8.96,-0.893921,-0.448224
0.01,8.97,-0.898359,-0.439263
0.01,8.98,-0.902706,-0.430257
0.01,8.99,-0.906964,-0.421209
0.01,9,-0.91113,-0.412118
0.01,9.01,-0.915206,-0.402987
0.01,9.02,-0.91919,-0.393815
0.01,9.03,-0.923082,-0.384603
0.01,9.04,-0.926882,-0.375353
0.01,9.05,-0.930589,-0.366066
0.01,9.06,-0.934203,-0.356742
0.01,9.07,-0.937724,-0.347382
0.01,9.08,-0.941151,-0.337988
0.01,9.09,-0.944483,-0.328559
0.01,9.1,-0.947722,-0.319098
0.01,9.11,-0.950865,-0.309605
0.01,9.12,-0.953914,-0.300081
0.01,9.13,-0.956867,-0.290527
0.01,9.14,-0.959724,-0.280944
0.01,9.15,-0.962485,-0.271333
0.01,9.16,-0.965151,-0.261695
0.01,9.17,-0.967719,-0.252031
0.01,9.18,-0.970191,-0.242341
0.01,9.19,-0.972566,-0.232627
0.01,9.2,-0.974844,-0.22289
0.01,9.21,-0.977024,-0.21313
0.01,9.22,-0.979106,-0.20335
0.01,9.23,-0.981091,-0.193549
0.01,9.24,-0.982977,-0.183728
0.01,9.25,-0.984765,-0.173889
0.01,9.26,-0.986455,-0.164033
0.01,9.27,-0.988046,-0.154161
0.01,9.28,-0.989538,-0.144273
0.01,9.29,-0.990931,-0.13437
0.01,9.3,-0.992225,-0.124454
0.01,9.31,-0.99342,-0.114526
0.01,9.32,-0.994516,-0.104586
0.01,9.33,-0.995512,-0.0946361
0.01,9.34,-0.996409,-0.0846764
0.01,9.35,-0.997205,-0.0747083
0.01,9.36,-0.997903,-0.0647327
0.01,9.37,-0.9985,-0.0547506
0.01,9.38,-0.998998,-0.044763
0.01,9.39,-0.999395,-0.034771
0.01,9.4,-0.999693,-0.0247754
0.01,9.41,-0.999891,-0.0147774
0.01,9.42,-0.999989,-0.00477794
0.01,9.43,-0.999986,0.00522202
0.01,9.44,-0.999884,0.0152215
0.01,9.45,-0.999682,0.0252194
0.01,9.46,-0.99938,0.0352148
0.01,9.47,-0.998978,0.0452066
0.01,9.48,-0.998476,0.055194
0.01,9.49,-0.997874,0.0651758
0.01,9.5,-0.997172,0.0751511
0.01,9.51,-0.996371,0.0851189
0.01,9.52,-0.99547,0.0950782
0.01,9.53,-0.994469,0.105028
0.01,9.54,-0.993369,0.114967
0.01,9.55,-0.99217,0.124895
0.01,9.56,-0.990871,0.13481
0.01,9.57,-0.989474,0.144712
0.01,9.58,-0.987977,0.154599
0.01,9.59,-0.986382,0.164471
0.01,9.6,-0.984688,0.174327
0.01,9.61,-0.982895,0.184165
0.01,9.62,-0.981005,0.193984
0.01,9.63,-0.979016,0.203785
0.01,9.64,-0.976929,0.213564
0.01,9.65,-0.974745,0.223323
0.01,9.66,-0.972463,0.233059
0.01,9.67,-0.970083,0.242772
0.01,9.68,-0.967607,0.25246
0.01,9.69,-0.965034,0.262124
0.01,9.7,-0.962365,0.271761
0.01,9.71,-0.959599,0.281371
0.01,9.72,-0.956738,0.290952
0.01,9.73,-0.95378,0.300505
0.01,9.74,-0.950728,0.310028
0.01,9.75,-0.94758,0.319519
0.01,9.76,-0.944337,0.328979
0.01,9.77,-0.941,0.338406
0.01,9.78,-0.937569,0.347799
0.01,9.79,-0.934044,0.357157
0.01,9.8,-0.930426,0.366479
0.01,9.81,-0.926715,0.375765
0.01,9.82,-0.922911,0.385013
0.01,9.83,-0.919015,0.394223
0.01,9.84,-0.915027,0.403393
0.01,9.85,-0.910947,0.412523
0.01,9.86,-0.906776,0.421612
0.01,9.87,-0.902515,0.430658
0.01,9.88,-0.898163,0.439662
0.01,9.89,-0.893722,0.448621
0.01,9.9,-0.889191,0.457536
0.01,9.91,-0.884571,0.466405
0.01,9.92,-0.879863,0.475227
0.01,9.93,-0.875067,0.484002
0.01,9.94,-0.870183,0.492728
0.01,9.95,-0.865213,0.501405
0.01,9.96,-0.860155,0.510032
0.01,9.97,-0.855012,0.518608
0.01,9.98,-0.849783,0.527132
0.01,9.99,-0.84447,0.535603
0.01,10,-0.839072,0.544021
0.01,10.01,-0.833589,0.552384
0.01,10.02,-0.828024,0.560693
0.01,10.03,-0.822376,0.568945
0.01,10.04,-0.816645,0.57714
0.01,10.05,-0.810833,0.585277
0.01,10.06,-0.80494,0.593356
0.01,10.07,-0.798966,0.601376
0.01,10.08,-0.792913,0.609335
0.01,10.09,-0.78678,0.617234
0.01,10.1,-0.780568,0.625071
0.01,10.11,-0.774279,0.632845
0.01,10.12,-0.767911,0.640556
0.01,10.13,-0.761468,0.648203
0.01,10.14,-0.754948,0.655785
0.01,10.15,-0.748352,0.663302
0.01,10.16,-0.741682,0.670752
0.01,10.17,-0.734937,0.678135
0.01,10.18,-0.728119,0.68545
0.01,10.19,-0.721229,0.692697
0.01,10.2,-0.714266,0.699875
0.01,10.21,-0.707231,0.706982
0.01,10.22,-0.700126,0.714019
0.01,10.23,-0.692951,0.720985
0.01,10.24,-0.685707,0.727878
0.01,10.25,-0.678394,0.734698
0.01,10.26,-0.671013,0.741446
0.01,10.27,-0.663565,0.748118
0.01,10.28,-0.656051,0.754717
0.01,10.29,-0.648471,0.761239
0.01,10.3,-0.640826,0.767686
0.01,10.31,-0.633118,0.774056
0.01,10.32,-0.625346,0.780348
0.01,10.33,-0.617511,0.786562
0.01,10.34,-0.609615,0.792698
0.01,10.35,-0.601657,0.798754
0.01,10.36,-0.59364,0.804731
0.01,10.37,-0.585563,0.810627
0.01,10.38,-0.577427,0.816442
0.01,10.39,-0.569234,0.822175
0.01,10.4,-0.560984,0.827826
0.01,10.41,-0.552678,0.833395
0.01,10.42,-0.544317,0.83888
0.01,10.43,-0.535901,0.844281
0.01,10.44,-0.527431,0.849598
0.01,10.45,-0.518909,0.854829
0.01,10.46,-0.510335,0.859976
0.01,10.47,-0.50171,0.865036
0.01,10.48,-0.493035,0.87001
0.01,10.49,-0.48431,0.874896
0.01,10.5,-0.475537,0.879696
0.01,10.51,-0.466716,0.884407
0.01,10.52,-0.457849,0.88903
0.01,10.53,-0.448936,0.893564
0.01,10.54,-0.439978,0.898009
0.01,10.55,-0.430976,0.902363
0.01,10.56,-0.421931,0.906628
0.01,10.57,-0.412844,0.910802
0.01,10.58,-0.403715,0.914885
0.01,10.59,-0.394547,0.918876
0.01,10.6,-0.385338,0.922775
0.01,10.61,-0.376091,0.926583
0.01,10.62,-0.366807,0.930297
0.01,10.63,-0.357486,0.933919
0.01,10.64,-0.348129,0.937447
0.01,10.65,-0.338737,0.940881
0.01,10.66,-0.329311,0.944221
0.01,10.67,-0.319853,0.947467
0.01,10.68,-0.310362,0.950618
0.01,10.69,-0.300841,0.953674
0.01,10.7,-0.291289,0.956635
0.01,10.71,-0.281709,0.9595
0.01,10.72,-0.2721,0.962269
0.01,10.73,-0.262463,0.964942
0.01,10.74,-0.252801,0.967518
0.01,10.75,-0.243113,0.969998
0.01,10.76,-0.233401,0.97238
0.01,10.77,-0.223666,0.974666
0.01,10.78,-0.213908,0.976854
0.01,10.79,-0.204129,0.978944
0.01,10.8,-0.19433,0.980936
0.01,10.81,-0.184511,0.98283
0.01,10.82,-0.174674,0.984626
0.01,10.83,-0.164819,0.986324
0.01,10.84,-0.154947,0.987923
0.01,10.85,-0.145061,0.989423
0.01,10.86,-0.135159,0.990824
0.01,10.87,-0.125245,0.992126
0.01,10.88,-0.115317,0.993329
0.01,10.89,-0.105378,0.994432
0.01,10.9,-0.0954289,0.995436
0.01,10.91,-0.0854699,0.996341
0.01,10.92,-0.0755024,0.997146
0.01,10.93,-0.0655273,0.997851
0.01,10.94,-0.0555457,0.998456
0.01,10.95,-0.0455585,0.998962
0.01,10.96,-0.0355668,0.999367
0.01,10.97,-0.0255715,0.999673
0.01,10.98,-0.0155737,0.999879
0.01,10.99,-0.00557426,0.999984
0.01,11,0.0044257,0.99999
0.01,11.01,0.0144252,0.999896
0.01,11.02,0.0244233,0.999702
0.01,11.03,0.0344189,0.999407
0.01,11.04,0.0444111,0.999013
0.01,11.05,0.0543988,0.998519
0.01,11.06,0.0643812,0.997925
0.01,11.07,0.074357,0.997232
0.01,11.08,0.0843255,0.996438
0.01,11.09,0.0942855,0.995545
0.01,11.1,0.104236,0.994553
0.01,11.11,0.114176,0.993461
0.01,11.12,0.124105,0.992269
0.01,11.13,0.134021,0.990978
0.01,11.14,0.143924,0.989589
0.01,11.15,0.153813,0.9881
0.01,11.16,0.163686,0.986513
0.01,11.17,0.173543,0.984826
0.01,11.18,0.183382,0.983042
0.01,11.19,0.193203,0.981159
0.01,11.2,0.203005,0.979178
0.01,11.21,0.212786,0.977099
0.01,11.22,0.222547,0.974922
0.01,11.23,0.232284,0.972648
0.01,11.24,0.241999,0.970276
0.01,11.25,0.25169,0.967808
0.01,11.26,0.261355,0.965243
0.01,11.27,0.270994,0.962581
0.01,11.28,0.280606,0.959823
0.01,11.29,0.29019,0.956969
0.01,11.3,0.299745,0.954019
0.01,11.31,0.30927,0.950974
0.01,11.32,0.318765,0.947834
0.01,11.33,0.328227,0.944599
0.01,11.34,0.337656,0.94127
0.01,11.35,0.347052,0.937846
0.01,11.36,0.356413,0.934329
0.01,11.37,0.365738,0.930718
0.01,11.38,0.375027,0.927014
0.01,11.39,0.384278,0.923217
0.01,11.4,0.393491,0.919329
0.01,11.41,0.402664,0.915348
0.01,11.42,0.411798,0.911275
0.01,11.43,0.42089,0.907112
0.01,11.44,0.429939,0.902858
0.01,11.45,0.438946,0.898513
0.01,11.46,0.447909,0.894079
0.01,11.47,0.456828,0.889555
0.01,11.48,0.4657,0.884943
0.01,11.49,0.474526,0.880241
0.01,11.5,0.483305,0.875452
0.01,11.51,0.492035,0.870575
0.01,11.52,0.500716,0.865612
0.01,11.53,0.509347,0.860561
0.01,11.54,0.517927,0.855425
0.01,11.55,0.526455,0.850203
0.01,11.56,0.534931,0.844896
0.01,11.57,0.543353,0.839504
0.01,11.58,0.551721,0.834029
0.01,11.59,0.560033,0.82847
0.01,11.6,0.56829,0.822829
0.01,11.61,0.576489,0.817105
0.01,11.62,0.584631,0.811299
0.01,11.63,0.592715,0.805412
0.01,11.64,0.600739,0.799445
0.01,11.65,0.608704,0.793398
0.01,11.66,0.616607,0.787271
0.01,11.67,0.624449,0.781066
0.01,11.68,0.632228,0.774782
0.01,11.69,0.639944,0.768421
0.01,11.7,0.647596,0.761984
0.01,11.71,0.655184,0.75547
0.01,11.72,0.662705,0.74888
0.01,11.73,0.670161,0.742216
0.01,11.74,0.67755,0.735477
0.01,11.75,0.68487,0.728665
0.01,11.76,0.692123,0.72178
0.01,11.77,0.699306,0.714823
0.01,11.78,0.706419,0.707794
0.01,11.79,0.713461,0.700695
0.01,11.8,0.720432,0.693525
0.01,11.81,0.727332,0.686286
0.01,11.82,0.734158,0.678979
0.01,11.83,0.740911,0.671603
0.01,11.84,0.74759,0.664161
0.01,11.85,0.754194,0.656652
0.01,11.86,0.760723,0.649077
0.01,11.87,0.767175,0.641438
0.01,11.88,0.773551,0.633734
0.01,11.89,0.77985,0.625967
0.01,11.9,0.78607,0.618137
0.01,11.91,0.792212,0.610246
0.01,11.92,0.798275,0.602293
0.01,11.93,0.804258,0.59428
0.01,11.94,0.81016,0.586208
0.01,11.95,0.815982,0.578077
0.01,11.96,0.821722,0.569889
0.01,11.97,0.827379,0.561643
0.01,11.98,0.832954,0.553342
0.01,11.99,0.838446,0.544984
0.01,12,0.843854,0.536573
0.01,12.01,0.849177,0.528108
0.01,12.02,0.854416,0.51959
0.01,12.03,0.859569,0.51102
0.01,12.04,0.864636,0.502399
0.01,12.05,0.869617,0.493727
0.01,12.06,0.874511,0.485007
0.01,12.07,0.879317,0.476237
0.01,12.08,0.884035,0.46742
0.01,12.09,0.888665,0.458557
0.01,12.1,0.893206,0.449647
0.01,12.11,0.897658,0.440693
0.01,12.12,0.90202,0.431695
0.01,12.13,0.906292,0.422653
0.01,12.14,0.910473,0.413569
0.01,12.15,0.914563,0.404444
0.01,12.16,0.918561,0.395278
0.01,12.17,0.922468,0.386073
0.01,12.18,0.926283,0.376829
0.01,12.19,0.930005,0.367548
0.01,12.2,0.933634,0.358229
0.01,12.21,0.937169,0.348875
0.01,12.22,0.940611,0.339486
0.01,12.23,0.943959,0.330063
0.01,12.24,0.947212,0.320607
0.01,12.25,0.950371,0.311119
0.01,12.26,0.953434,0.3016
0.01,12.27,0.956403,0.292051
0.01,12.28,0.959275,0.282473
0.01,12.29,0.962052,0.272866
0.01,12.3,0.964733,0.263232
0.01,12.31,0.967317,0.253571
0.01,12.32,0.969804,0.243886
0.01,12.33,0.972194,0.234176
0.01,12.34,0.974487,0.224442
0.01,12.35,0.976683,0.214686
0.01,12.36,0.978781,0.204909
0.01,12.37,0.980781,0.195111
0.01,12.38,0.982683,0.185294
0.01,12.39,0.984487,0.175458
0.01,12.4,0.986192,0.165604
0.01,12.41,0.987799,0.155734
0.01,12.42,0.989307,0.145849
0.01,12.43,0.990716,0.135948
0.01,12.44,0.992026,0.126035
0.01,12.45,0.993237,0.116108
0.01,12.46,0.994348,0.10617
0.01,12.47,0.99536,0.0962215
0.01,12.48,0.996272,0.0862633
0.01,12.49,0.997085,0.0762964
0.01,12.5,0.997798,0.0663219
0.01,12.51,0.998412,0.0563408
0.01,12.52,0.998925,0.046354
0.01,12.53,0.999339,0.0363626
0.01,12.54,0.999652,0.0263676
0.01,12.55,0.999866,0.0163699
0.01,12.56,0.99998,0.00637057
0.01,12.57,0.999993,-0.00362938
0.01,12.58,0.999907,-0.013629
0.01,12.59,0.999721,-0.0236272
0.01,12.6,0.999435,-0.033623
0.01,12.61,0.999048,-0.0436155
0.01,12.62,0.998562,-0.0536037
0.01,12.63,0.997976,-0.0635865
0.01,12.64,0.997291,-0.0735629
0.01,12.65,0.996505,-0.0835319
0.01,12.66,0.99562,-0.0934926
0.01,12.67,0.994635,-0.103444
0.01,12.68,0.993551,-0.113385
0.01,12.69,0.992368,-0.123315
0.01,12.7,0.991085,-0.133232
0.01,12.71,0.989703,-0.143136
0.01,12.72,0.988222,-0.153026
0.01,12.73,0.986643,-0.1629
0.01,12.74,0.984964,-0.172758
0.01,12.75,0.983187,-0.182599
0.01,12.76,0.981312,-0.192422
0.01,12.77,0.979339,-0.202225
0.01,12.78,0.977268,-0.212008
0.01,12.79,0.975099,-0.22177
0.01,12.8,0.972833,-0.23151
0.01,12.81,0.970469,-0.241226
0.01,12.82,0.968008,-0.250919
0.01,12.83,0.965451,-0.260586
0.01,12.84,0.962796,-0.270228
0.01,12.85,0.960046,-0.279842
0.01,12.86,0.9572,-0.289428
0.01,12.87,0.954258,-0.298986
0.01,12.88,0.95122,-0.308513
0.01,12.89,0.948087,-0.31801
0.01,12.9,0.94486,-0.327474
0.01,12.91,0.941538,-0.336907
0.01,12.92,0.938122,-0.346305
0.01,12.93,0.934612,-0.355669
0.01,12.94,0.931009,-0.364997
0.01,12.95,0.927312,-0.374289
0.01,12.96,0.923523,-0.383543
0.01,12.97,0.919642,-0.392759
0.01,12.98,0.915668,-0.401935
0.01,12.99,0.911603,-0.411072
0.01,13,0.907447,-0.420167
0.01,13.01,0.9032,-0.42922
0.01,13.02,0.898863,-0.438231
0.01,13.03,0.894435,-0.447197
0.01,13.04,0.889919,-0.456119
0.01,13.05,0.885313,-0.464995
0.01,13.06,0.880619,-0.473825
0.01,13.07,0.875837,-0.482607
0.01,13.08,0.870967,-0.491342
0.01,13.09,0.86601,-0.500027
0.01,13.1,0.860967,-0.508661
0.01,13.11,0.855837,-0.517246
0.01,13.12,0.850622,-0.525778
0.01,13.13,0.845322,-0.534258
0.01,13.14,0.839937,-0.542684
0.01,13.15,0.834468,-0.551056
0.01,13.16,0.828916,-0.559373
0.01,13.17,0.823281,-0.567634
0.01,13.18,0.817563,-0.575838
0.01,13.19,0.811764,-0.583985
0.01,13.2,0.805884,-0.592074
0.01,13.21,0.799923,-0.600103
0.01,13.22,0.793882,-0.608072
0.01,13.23,0.787762,-0.61598
0.01,13.24,0.781563,-0.623827
0.01,13.25,0.775285,-0.631611
0.01,13.26,0.768931,-0.639332
0.01,13.27,0.762499,-0.646989
0.01,13.28,0.755991,-0.654582
0.01,13.29,0.749408,-0.662109
0.01,13.3,0.742749,-0.66957
0.01,13.31,0.736016,-0.676964
0.01,13.32,0.72921,-0.68429
0.01,13.33,0.722331,-0.691548
0.01,13.34,0.715379,-0.698736
0.01,13.35,0.708356,-0.705855
0.01,13.36,0.701263,-0.712903
0.01,13.37,0.694099,-0.71988
0.01,13.38,0.686865,-0.726785
0.01,13.39,0.679563,-0.733617
0.01,13.4,0.672193,-0.740376
0.01,13.41,0.664756,-0.747061
0.01,13.42,0.657252,-0.753671
0.01,13.43,0.649683,-0.760206
0.01,13.44,0.642048,-0.766664
0.01,13.45,0.63435,-0.773046
0.01,13.46,0.626588,-0.779351
0.01,13.47,0.618763,-0.785578
0.01,13.48,0.610876,-0.791726
0.01,13.49,0.602929,-0.797795
0.01,13.5,0.594921,-0.803784
0.01,13.51,0.586853,-0.809693
0.01,13.52,0.578727,-0.815521
0.01,13.53,0.570543,-0.821268
0.01,13.54,0.562302,-0.826932
0.01,13.55,0.554005,-0.832514
0.01,13.56,0.545652,-0.838012
0.01,13.57,0.537245,-0.843426
0.01,13.58,0.528784,-0.848757
0.01,13.59,0.52027,-0.854002
0.01,13.6,0.511704,-0.859162
0.01,13.61,0.503087,-0.864236
0.01,13.62,0.49442,-0.869223
0.01,13.63,0.485703,-0.874124
0.01,13.64,0.476937,-0.878937
0.01,13.65,0.468124,-0.883663
0.01,13.66,0.459264,-0.8883
0.01,13.67,0.450359,-0.892848
0.01,13.68,0.441408,-0.897307
0.01,13.69,0.432413,-0.901676
0.01,13.7,0.423375,-0.905955
0.01,13.71,0.414294,-0.910143
0.01,13.72,0.405172,-0.91424
0.01,13.73,0.396009,-0.918246
0.01,13.74,0.386807,-0.922161
0.01,13.75,0.377567,-0.925982
0.01,13.76,0.368288,-0.929712
0.01,13.77,0.358973,-0.933348
0.01,13.78,0.349621,-0.936891
0.01,13.79,0.340235,-0.94034
0.01,13.8,0.330815,-0.943696
0.01,13.81,0.321362,-0.946957
0.01,13.82,0.311876,-0.950123
0.01,13.83,0.302359,-0.953194
0.01,13.84,0.292813,-0.95617
0.01,13.85,0.283236,-0.95905
0.01,13.86,0.273632,-0.961835
0.01,13.87,0.264,-0.964523
0.01,13.88,0.254342,-0.967114
0.01,13.89,0.244658,-0.969609
0.01,13.9,0.23495,-0.972008
0.01,13.91,0.225218,-0.974308
0.01,13.92,0.215464,-0.976512
0.01,13.93,0.205688,-0.978618
0.01,13.94,0.195892,-0.980625
0.01,13.95,0.186076,-0.982535
0.01,13.96,0.176242,-0.984347
0.01,13.97,0.166389,-0.98606
0.01,13.98,0.156521,-0.987675
0.01,13.99,0.146636,-0.98919
0.01,14,0.136737,-0.990607
0.01,14.01,0.126824,-0.991925
0.01,14.02,0.116899,-0.993144
0.01,14.03,0.106962,-0.994263
0.01,14.04,0.0970141,-0.995283
0.01,14.05,0.0870566,-0.996203
0.01,14.06,0.0770904,-0.997024
0.01,14.07,0.0671164,-0.997745
0.01,14.08,0.0571358,-0.998366
0.01,14.09,0.0471495,-0.998888
0.01,14.1,0.0371584,-0.999309
0.01,14.11,0.0271636,-0.999631
0.01,14.12,0.0171661,-0.999853
0.01,14.13,0.00716688,-0.999974
0.01,14.14,-0.00283305,-0.999996
0.01,14.15,-0.0128327,-0.999918
0.01,14.16,-0.0228311,-0.999739
0.01,14.17,-0.0328272,-0.999461
0.01,14.18,-0.04282,-0.999083
0.01,14.19,-0.0528085,-0.998605
0.01,14.2,-0.0627917,-0.998027
0.01,14.21,-0.0727687,-0.997349
0.01,14.22,-0.0827384,-0.996571
0.01,14.23,-0.0926998,-0.995694
0.01,14.24,-0.102652,-0.994717
0.01,14.25,-0.112594,-0.993641
0.01,14.26,-0.122524,-0.992466
0.01,14.27,-0.132443,-0.991191
0.01,14.28,-0.142348,-0.989817
0.01,14.29,-0.152239,-0.988344
0.01,14.3,-0.162114,-0.986772
0.01,14.31,-0.171974,-0.985102
0.01,14.32,-0.181816,-0.983333
0.01,14.33,-0.19164,-0.981465
0.01,14.34,-0.201445,-0.9795
0.01,14.35,-0.21123,-0.977436
0.01,14.36,-0.220994,-0.975275
0.01,14.37,-0.230735,-0.973017
0.01,14.38,-0.240454,-0.970661
0.01,14.39,-0.250148,-0.968208
0.01,14.4,-0.259817,-0.965658
0.01,14.41,-0.269461,-0.963011
0.01,14.42,-0.279077,-0.960269
0.01,14.43,-0.288666,-0.95743
0.01,14.44,-0.298226,-0.954495
0.01,14.45,-0.307755,-0.951466
0.01,14.46,-0.317255,-0.94834
0.01,14.47,-0.326722,-0.945121
0.01,14.48,-0.336157,-0.941806
0.01,14.49,-0.345558,-0.938397
0.01,14.5,-0.354924,-0.934895
0.01,14.51,-0.364255,-0.931299
0.01,14.52,-0.37355,-0.92761
0.01,14.53,-0.382807,-0.923828
0.01,14.54,-0.392026,-0.919954
0.01,14.55,-0.401206,-0.915988
0.01,14.56,-0.410346,-0.91193
0.01,14.57,-0.419444,-0.907781
0.01,14.58,-0.428501,-0.903541
0.01,14.59,-0.437515,-0.899211
0.01,14.6,-0.446485,-0.894791
0.01,14.61,-0.45541,-0.890282
0.01,14.62,-0.46429,-0.885683
0.01,14.63,-0.473124,-0.880996
0.01,14.64,-0.48191,-0.876221
0.01,14.65,-0.490648,-0.871358
0.01,14.66,-0.499337,-0.866408
0.01,14.67,-0.507976,-0.861371
0.01,14.68,-0.516564,-0.856249
0.01,14.69,-0.5251,-0.85104
0.01,14.7,-0.533584,-0.845747
0.01,14.71,-0.542015,-0.840369
0.01,14.72,-0.550391,-0.834907
0.01,14.73,-0.558713,-0.829361
0.01,14.74,-0.566978,-0.823733
0.01,14.75,-0.575187,-0.818022
0.01,14.76,-0.583339,-0.812229
0.01,14.77,-0.591432,-0.806355
0.01,14.78,-0.599465,-0.800401
0.01,14.79,-0.607439,-0.794366
0.01,14.8,-0.615352,-0.788252
0.01,14.81,-0.623204,-0.782059
0.01,14.82,-0.630993,-0.775788
0.01,14.83,-0.63872,-0.76944
0.01,14.84,-0.646382,-0.763014
0.01,14.85,-0.65398,-0.756512
0.01,14.86,-0.661512,-0.749935
0.01,14.87,-0.668978,-0.743282
0.01,14.88,-0.676377,-0.736555
0.01,14.89,-0.683709,-0.729755
0.01,14.9,-0.690972,-0.722881
0.01,14.91,-0.698166,-0.715936
0.01,14.92,-0.705291,-0.708918
0.01,14.93,-0.712344,-0.70183
0.01,14.94,-0.719327,-0.694672
0.01,14.95,-0.726238,-0.687444
0.01,14.96,-0.733076,-0.680147
0.01,14.97,-0.73984,-0.672782
0.01,14.98,-0.746531,-0.665351
0.01,14.99,-0.753147,-0.657852
0.01,15,-0.759688,-0.650288
0.01,15.01,-0.766153,-0.642659
0.01,15.02,-0.772541,-0.634965
0.01,15.03,-0.778852,-0.627208
0.01,15.04,-0.785085,-0.619388
0.01,15.05,-0.791239,-0.611507
0.01,15.06,-0.797315,-0.603564
0.01,15.07,-0.80331,-0.595561
0.01,15.08,-0.809226,-0.587498
0.01,15.09,-0.81506,-0.579376
0.01,15.1,-0.820813,-0.571197
0.01,15.11,-0.826484,-0.56296
0.01,15.12,-0.832072,-0.554667
0.01,15.13,-0.837577,-0.546319
0.01,15.14,-0.842998,-0.537916
0.01,15.15,-0.848335,-0.529459
0.01,15.16,-0.853587,-0.52095
0.01,15.17,-0.858754,-0.512388
0.01,15.18,-0.863835,-0.503775
0.01,15.19,-0.868829,-0.495112
0.01,15.2,-0.873737,-0.486399
0.01,15.21,-0.878557,-0.477637
0.01,15.22,-0.88329,-0.468828
0.01,15.23,-0.887934,-0.459972
0.01,15.24,-0.892489,-0.451069
0.01,15.25,-0.896955,-0.442122
0.01,15.26,-0.901331,-0.433131
0.01,15.27,-0.905617,-0.424096
0.01,15.28,-0.909813,-0.415019
0.01,15.29,-0.913918,-0.4059
0.01,15.3,-0.917931,-0.396741
0.01,15.31,-0.921852,-0.387542
0.01,15.32,-0.925681,-0.378304
0.01,15.33,-0.929418,-0.369028
0.01,15.34,-0.933062,-0.359716
0.01,15.35,-0.936612,-0.350367
0.01,15.36,-0.940069,-0.340984
0.01,15.37,-0.943432,-0.331566
0.01,15.38,-0.9467,-0.322116
0.01,15.39,-0.949874,-0.312633
0.01,15.4,-0.952953,-0.303118
0.01,15.41,-0.955936,-0.293574
0.01,15.42,-0.958824,-0.284
0.01,15.43,-0.961616,-0.274398
0.01,15.44,-0.964312,-0.264768
0.01,15.45,-0.966912,-0.255112
0.01,15.46,-0.969414,-0.24543
0.01,15.47,-0.97182,-0.235724
0.01,15.48,-0.974129,-0.225994
0.01,15.49,-0.97634,-0.216242
0.01,15.5,-0.978453,-0.206467
0.01,15.51,-0.980469,-0.196673
0.01,15.52,-0.982387,-0.186858
0.01,15.53,-0.984206,-0.177025
0.01,15.54,-0.985927,-0.167175
0.01,15.55,-0.98755,-0.157307
0.01,15.56,-0.989073,-0.147424
0.01,15.57,-0.990498,-0.137526
0.01,15.58,-0.991824,-0.127614
0.01,15.59,-0.99305,-0.11769
0.01,15.6,-0.994178,-0.107754
0.01,15.61,-0.995205,-0.0978067
0.01,15.62,-0.996134,-0.0878499
0.01,15.63,-0.996962,-0.0778843
0.01,15.64,-0.997691,-0.067911
0.01,15.65,-0.998321,-0.0579308
0.01,15.66,-0.99885,-0.0479449
0.01,15.67,-0.999279,-0.0379541
0.01,15.68,-0.999609,-0.0279596
0.01,15.69,-0.999839,-0.0179623
0.01,15.7,-0.999968,-0.00796318
0.01,15.71,-0.999998,0.00203673
0.01,15.72,-0.999928,0.0120364
0.01,15.73,-0.999757,0.0220349
0.01,15.74,-0.999487,0.0320313
0.01,15.75,-0.999117,0.0420244
0.01,15.76,-0.998646,0.0520133
0.01,15.77,-0.998076,0.0619969
0.01,15.78,-0.997406,0.0719744
0.01,15.79,-0.996637,0.0819447
0.01,15.8,-0.995768,0.0919069
0.01,15.81,-0.994799,0.10186
0.01,15.82,-0.99373,0.111802
0.01,15.83,-0.992563,0.121734
0.01,15.84,-0.991296,0.131653
0.01,15.85,-0.98993,0.14156
0.01,15.86,-0.988465,0.151452
0.01,15.87,-0.986901,0.161329
0.01,15.88,-0.985238,0.171189
0.01,15.89,-0.983477,0.181033
0.01,15.9,-0.981618,0.190859
0.01,15.91,-0.97966,0.200665
0.01,15.92,-0.977604,0.210451
0.01,15.93,-0.975451,0.220217
0.01,15.94,-0.9732,0.22996
0.01,15.95,-0.970852,0.23968
0.01,15.96,-0.968407,0.249377
0.01,15.97,-0.965864,0.259048
0.01,15.98,-0.963226,0.268694
0.01,15.99,-0.960491,0.278312
0.01,16,-0.957659,0.287903
0.01,16.01,-0.954733,0.297465
0.01,16.02,-0.95171,0.306998
0.01,16.03,-0.948593,0.316499
0.01,16.04,-0.94538,0.325969
0.01,16.05,-0.942073,0.335407
0.01,16.06,-0.938672,0.34481
0.01,16.07,-0.935177,0.35418
0.01,16.08,-0.931589,0.363514
0.01,16.09,-0.927907,0.372811
0.01,16.1,-0.924133,0.382071
0.01,16.11,-0.920266,0.391293
0.01,16.12,-0.916307,0.400476
0.01,16.13,-0.912257,0.409619
0.01,16.14,-0.908115,0.418721
0.01,16.15,-0.903882,0.427781
0.01,16.16,-0.899559,0.436799
0.01,16.17,-0.895146,0.445772
0.01,16.18,-0.890644,0.454701
0.01,16.19,-0.886053,0.463585
0.01,16.2,-0.881372,0.472422
0.01,16.21,-0.876604,0.481212
0.01,16.22,-0.871748,0.489954
0.01,16.23,-0.866805,0.498647
0.01,16.24,-0.861776,0.50729
0.01,16.25,-0.85666,0.515882
0.01,16.26,-0.851458,0.524423
0.01,16.27,-0.846171,0.532911
0.01,16.28,-0.8408,0.541346
0.01,16.29,-0.835345,0.549726
0.01,16.3,-0.829806,0.558052
0.01,16.31,-0.824184,0.566322
0.01,16.32,-0.81848,0.574536
0.01,16.33,-0.812693,0.582692
0.01,16.34,-0.806826,0.590789
0.01,16.35,-0.800878,0.598828
0.01,16.36,-0.79485,0.606807
0.01,16.37,-0.788742,0.614725
0.01,16.38,-0.782555,0.622581
0.01,16.39,-0.77629,0.630375
0.01,16.4,-0.769948,0.638107
0.01,16.41,-0.763529,0.645774
0.01,16.42,-0.757033,0.653377
0.01,16.43,-0.750461,0.660915
0.01,16.44,-0.743815,0.668386
0.01,16.45,-0.737094,0.675791
0.01,16.46,-0.730299,0.683128
0.01,16.47,-0.723431,0.690396
0.01,16.48,-0.716491,0.697596
0.01,16.49,-0.70948,0.704726
0.01,16.5,-0.702397,0.711785
0.01,16.51,-0.695244,0.718774
0.01,16.52,-0.688022,0.72569
0.01,16.53,-0.680731,0.732534
0.01,16.54,-0.673371,0.739304
0.01,16.55,-0.665945,0.746001
0.01,16.56,-0.658452,0.752623
0.01,16.57,-0.650893,0.75917
0.01,16.58,-0.643268,0.765641
0.01,16.59,-0.63558,0.772035
0.01,16.6,-0.627828,0.778352
0.01,16.61,-0.620013,0.784591
0.01,16.62,-0.612136,0.790752
0.01,16.63,-0.604198,0.796834
0.01,16.64,-0.5962,0.802836
0.01,16.65,-0.588142,0.808758
0.01,16.66,-0.580025,0.814599
0.01,16.67,-0.57185,0.820358
0.01,16.68,-0.563618,0.826035
0.01,16.69,-0.55533,0.83163
0.01,16.7,-0.546986,0.837142
0.01,16.71,-0.538587,0.84257
0.01,16.72,-0.530135,0.847913
0.01,16.73,-0.521629,0.853172
0.01,16.74,-0.513072,0.858346
0.01,16.75,-0.504463,0.863433
0.01,16.76,-0.495803,0.868435
0.01,16.77,-0.487094,0.873349
0.01,16.78,-0.478337,0.878177
0.01,16.79,-0.469531,0.882916
0.01,16.8,-0.460679,0.887567
0.01,16.81,-0.45178,0.892129
0.01,16.82,-0.442836,0.896602
0.01,16.83,-0.433848,0.900986
0.01,16.84,-0.424817,0.905279
0.01,16.85,-0.415743,0.909482
0.01,16.86,-0.406628,0.913594
0.01,16.87,-0.397471,0.917615
0.01,16.88,-0.388276,0.921543
0.01,16.89,-0.379041,0.92538
0.01,16.9,-0.369768,0.929124
0.01,16.91,-0.360459,0.932775
0.01,16.92,-0.351113,0.936333
0.01,16.93,-0.341732,0.939797
0.01,16.94,-0.332317,0.943168
0.01,16.95,-0.322869,0.946444
0.01,16.96,-0.313389,0.949625
0.01,16.97,-0.303877,0.952711
0.01,16.98,-0.294335,0.955702
0.01,16.99,-0.284763,0.958598
0.01,17,-0.275163,0.961397
0.01,17.01,-0.265536,0.964101
0.01,17.02,-0.255882,0.966708
0.01,17.03,-0.246202,0.969219
0.01,17.04,-0.236498,0.971632
0.01,17.05,-0.22677,0.973948
0.01,17.06,-0.217019,0.976167
0.01,17.07,-0.207247,0.978289
0.01,17.08,-0.197453,0.980312
0.01,17.09,-0.187641,0.982238
0.01,17.1,-0.177809,0.984065
0.01,17.11,-0.16796,0.985794
0.01,17.12,-0.158094,0.987424
0.01,17.13,-0.148212,0.988956
0.01,17.14,-0.138315,0.990388
0.01,17.15,-0.128404,0.991722
0.01,17.16,-0.118481,0.992956
0.01,17.17,-0.108545,0.994092
0.01,17.18,-0.0985991,0.995127
0.01,17.19,-0.0886431,0.996063
0.01,17.2,-0.0786782,0.9969
0.01,17.21,-0.0687054,0.997637
0.01,17.22,-0.0587258,0.998274
0.01,17.23,-0.0487403,0.998811
0.01,17.24,-0.0387499,0.999249
0.01,17.25,-0.0287556,0.999586
0.01,17.26,-0.0187585,0.999824
0.01,17.27,-0.00875948,0.999962
0.01,17.28,0.0012404,0.999999
0.01,17.29,0.0112402,0.999937
0.01,17.3,0.0212388,0.999774
0.01,17.31,0.0312353,0.999512
0.01,17.32,0.0412287,0.99915
0.01,17.33,0.051218,0.998687
0.01,17.34,0.0612021,0.998125
0.01,17.35,0.0711802,0.997463
0.01,17.36,0.0811511,0.996702
0.01,17.37,0.0911139,0.99584
0.01,17.38,0.101068,0.99488
0.01,17.39,0.111011,0.993819
0.01,17.4,0.120944,0.992659
0.01,17.41,0.130864,0.9914
0.01,17.42,0.140771,0.990042
0.01,17.43,0.150664,0.988585
0.01,17.44,0.160543,0.987029
0.01,17.45,0.170405,0.985374
0.01,17.46,0.18025,0.983621
0.01,17.47,0.190077,0.981769
0.01,17.48,0.199885,0.979819
0.01,17.49,0.209673,0.977772
0.01,17.5,0.21944,0.975626
0.01,17.51,0.229185,0.973383
0.01,17.52,0.238907,0.971042
0.01,17.53,0.248606,0.968605
0.01,17.54,0.258279,0.96607
0.01,17.55,0.267927,0.963439
0.01,17.56,0.277548,0.960712
0.01,17.57,0.287141,0.957888
0.01,17.58,0.296705,0.954969
0.01,17.59,0.30624,0.951954
0.01,17.6,0.315744,0.948844
0.01,17.61,0.325216,0.94564
0.01,17.62,0.334656,0.94234
0.01,17.63,0.344063,0.938947
0.01,17.64,0.353435,0.935459
0.01,17.65,0.362772,0.931878
0.01,17.66,0.372072,0.928204
0.01,17.67,0.381335,0.924437
0.01,17.68,0.390561,0.920577
0.01,17.69,0.399747,0.916626
0.01,17.7,0.408893,0.912582
0.01,17.71,0.417998,0.908448
0.01,17.72,0.427061,0.904223
0.01,17.73,0.436082,0.899907
0.01,17.74,0.445059,0.895501
0.01,17.75,0.453992,0.891006
0.01,17.76,0.462879,0.886421
0.01,17.77,0.47172,0.881748
0.01,17.78,0.480514,0.876987
0.01,17.79,0.489259,0.872138
0.01,17.8,0.497956,0.867202
0.01,17.81,0.506603,0.862179
0.01,17.82,0.5152,0.85707
0.01,17.83,0.523744,0.851876
0.01,17.84,0.532237,0.846596
0.01,17.85,0.540676,0.841231
0.01,17.86,0.549061,0.835782
0.01,17.87,0.557391,0.83025
0.01,17.88,0.565666,0.824635
0.01,17.89,0.573884,0.818937
0.01,17.9,0.582044,0.813157
0.01,17.91,0.590147,0.807296
0.01,17.92,0.59819,0.801354
0.01,17.93,0.606173,0.795333
0.01,17.94,0.614096,0.789231
0.01,17.95,0.621958,0.783051
0.01,17.96,0.629757,0.776792
0.01,17.97,0.637493,0.770456
0.01,17.98,0.645166,0.764043
0.01,17.99,0.652774,0.757553
0.01,18,0.660317,0.750987
0.01,18.01,0.667793,0.744347
0.01,18.02,0.675203,0.737632
0.01,18.03,0.682546,0.730843
0.01,18.04,0.68982,0.723981
0.01,18.05,0.697025,0.717047
0.01,18.06,0.704161,0.710041
0.01,18.07,0.711226,0.702964
0.01,18.08,0.71822,0.695816
0.01,18.09,0.725142,0.688599
0.01,18.1,0.731991,0.681314
0.01,18.11,0.738768,0.67396
0.01,18.12,0.74547,0.666539
0.01,18.13,0.752098,0.659051
0.01,18.14,0.758651,0.651497
0.01,18.15,0.765128,0.643878
0.01,18.16,0.771529,0.636195
0.01,18.17,0.777852,0.628448
0.01,18.18,0.784097,0.620638
0.01,18.19,0.790264,0.612766
0.01,18.2,0.796352,0.604833
0.01,18.21,0.802361,0.596839
0.01,18.22,0.808289,0.588786
0.01,18.23,0.814136,0.580674
0.01,18.24,0.819902,0.572503
0.01,18.25,0.825586,0.564276
0.01,18.26,0.831188,0.555992
0.01,18.27,0.836706,0.547652
0.01,18.28,0.842141,0.539258
0.01,18.29,0.847491,0.53081
0.01,18.3,0.852757,0.522309
0.01,18.31,0.857937,0.513755
0.01,18.32,0.863031,0.50515
0.01,18.33,0.86804,0.496495
0.01,18.34,0.872961,0.48779
0.01,18.35,0.877795,0.479036
0.01,18.36,0.882542,0.470234
0.01,18.37,0.8872,0.461385
0.01,18.38,0.891769,0.45249
0.01,18.39,0.89625,0.44355
0.01,18.4,0.90064,0.434566
0.01,18.41,0.904941,0.425538
0.01,18.42,0.909151,0.416467
0.01,18.43,0.91327,0.407355
0.01,18.44,0.917298,0.398202
0.01,18.45,0.921234,0.389009
0.01,18.46,0.925078,0.379778
0.01,18.47,0.928829,0.370508
0.01,18.48,0.932488,0.361201
0.01,18.49,0.936053,0.351859
0.01,18.5,0.939525,0.342481
0.01,18.51,0.942903,0.333068
0.01,18.52,0.946186,0.323623
0.01,18.53,0.949375,0.314145
0.01,18.54,0.952469,0.304636
0.01,18.55,0.955468,0.295096
0.01,18.56,0.958371,0.285527
0.01,18.57,0.961178,0.275929
0.01,18.58,0.963889,0.266303
0.01,18.59,0.966504,0.256651
0.01,18.6,0.969022,0.246974
0.01,18.61,0.971443,0.237271
0.01,18.62,0.973768,0.227545
0.01,18.63,0.975994,0.217796
0.01,18.64,0.978123,0.208026
0.01,18.65,0.980155,0.198234
0.01,18.66,0.982088,0.188423
0.01,18.67,0.983923,0.178593
0.01,18.68,0.98566,0.168745
0.01,18.69,0.987298,0.15888
0.01,18.7,0.988837,0.148999
0.01,18.71,0.990278,0.139103
0.01,18.72,0.991619,0.129194
0.01,18.73,0.992862,0.119271
0.01,18.74,0.994005,0.109337
0.01,18.75,0.995048,0.0993915
0.01,18.76,0.995993,0.0894363
0.01,18.77,0.996837,0.079472
0.01,18.78,0.997582,0.0694998
0.01,18.79,0.998227,0.0595207
0.01,18.8,0.998772,0.0495356
0.01,18.81,0.999218,0.0395456
0.01,18.82,0.999563,0.0295516
0.01,18.83,0.999809,0.0195547
0.01,18.84,0.999954,0.00955578
0.01,18.85,1,-0.000444078
0.01,18.86,0.999945,-0.0104439
0.01,18.87,0.999791,-0.0204427
0.01,18.88,0.999537,-0.0304394
0.01,18.89,0.999182,-0.0404331
0.01,18.9,0.998728,-0.0504227
0.01,18.91,0.998174,-0.0604073
0.01,18.92,0.99752,-0.0703858
0.01,18.93,0.996766,-0.0803573
0.01,18.94,0.995913,-0.0903208
0.01,18.95,0.99496,-0.100275
0.01,18.96,0.993907,-0.11022
0.01,18.97,0.992755,-0.120153
0.01,18.98,0.991504,-0.130074
0.01,18.99,0.990154,-0.139983
0.01,19,0.988705,-0.149877
0.01,19.01,0.987156,-0.159757
0.01,19.02,0.98551,-0.16962
0.01,19.03,0.983764,-0.179466
0.01,19.04,0.98192,-0.189295
0.01,19.05,0.979978,-0.199105
0.01,19.06,0.977938,-0.208894
0.01,19.07,0.9758,-0.218663
0.01,19.08,0.973565,-0.22841
0.01,19.09,0.971232,-0.238134
0.01,19.1,0.968802,-0.247834
0.01,19.11,0.966276,-0.25751
0.01,19.12,0.963652,-0.267159
0.01,19.13,0.960933,-0.276782
0.01,19.14,0.958117,-0.286378
0.01,19.15,0.955205,-0.295944
0.01,19.16,0.952198,-0.305482
0.01,19.17,0.949096,-0.314988
0.01,19.18,0.945898,-0.324463
0.01,19.19,0.942606,-0.333906
0.01,19.2,0.93922,-0.343315
0.01,19.21,0.93574,-0.35269
0.01,19.22,0.932167,-0.362029
0.01,19.23,0.9285,-0.371333
0.01,19.24,0.92474,-0.380599
0.01,19.25,0.920888,-0.389827
0.01,19.26,0.916944,-0.399017
0.01,19.27,0.912908,-0.408166
0.01,19.28,0.908781,-0.417274
0.01,19.29,0.904562,-0.426341
0.01,19.3,0.900254,-0.435365
0.01,19.31,0.895855,-0.444346
0.01,19.32,0.891367,-0.453282
0.01,19.33,0.88679,-0.462173
0.01,19.34,0.882124,-0.471018
0.01,19.35,0.87737,-0.479815
0.01,19.36,0.872528,-0.488565
0.01,19.37,0.867598,-0.497265
0.01,19.38,0.862582,-0.505916
0.01,19.39,0.85748,-0.514517
0.01,19.4,0.852292,-0.523066
0.01,19.41,0.847019,-0.531562
0.01,19.42,0.841661,-0.540006
0.01,19.43,0.836219,-0.548395
0.01,19.44,0.830694,-0.55673
0.01,19.45,0.825085,-0.565009
0.01,19.46,0.819394,-0.573231
0.01,19.47,0.81362,-0.581397
0.01,19.48,0.807766,-0.589504
0.01,19.49,0.80183,-0.597552
0.01,19.5,0.795815,-0.60554
0.01,19.51,0.78972,-0.613468
0.01,19.52,0.783546,-0.621334
0.01,19.53,0.777293,-0.629138
0.01,19.54,0.770963,-0.63688
0.01,19.55,0.764556,-0.644557
0.01,19.56,0.758072,-0.65217
0.01,19.57,0.751513,-0.659718
0.01,19.58,0.744878,-0.6672
0.01,19.59,0.738169,-0.674616
0.01,19.6,0.731386,-0.681964
0.01,19.61,0.72453,-0.689243
0.01,19.62,0.717601,-0.696454
0.01,19.63,0.710601,-0.703595
0.01,19.64,0.70353,-0.710666
0.01,19.65,0.696388,-0.717665
0.01,19.66,0.689177,-0.724593
0.01,19.67,0.681896,-0.731449
0.01,19.68,0.674548,-0.738231
0.01,19.69,0.667132,-0.744939
0.01,19.7,0.659649,-0.751573
0.01,19.71,0.652101,-0.758132
0.01,19.72,0.644487,-0.764615
0.01,19.73,0.636809,-0.771022
0.01,19.74,0.629067,-0.777351
0.01,19.75,0.621262,-0.783603
0.01,19.76,0.613395,-0.789776
0.01,19.77,0.605467,-0.795871
0.01,19.78,0.597478,-0.801885
0.01,19.79,0.589429,-0.80782
0.01,19.8,0.581322,-0.813674
0.01,19.81,0.573156,-0.819446
0.01,19.82,0.564933,-0.825137
0.01,19.83,0.556654,-0.830745
0.01,19.84,0.548319,-0.83627
0.01,19.85,0.539929,-0.841711
0.01,19.86,0.531485,-0.847068
0.01,19.87,0.522987,-0.85234
0.01,19.88,0.514438,-0.857528
0.01,19.89,0.505837,-0.862629
0.01,19.9,0.497186,-0.867644
0.01,19.91,0.488485,-0.872572
0.01,19.92,0.479735,-0.877414
0.01,19.93,0.470937,-0.882167
0.01,19.94,0.462092,-0.886832
0.01,19.95,0.4532,-0.891409
0.01,19.96,0.444264,-0.895896
0.01,19.97,0.435283,-0.900294
0.01,19.98,0.426258,-0.904602
0.01,19.99,0.417191,-0.908819
0.01,20,0.408082,-0.912945
0.01,20.01,0.398932,-0.91698
0.01,20.02,0.389743,-0.920924
0.01,20.03,0.380514,-0.924775
0.01,20.04,0.371248,-0.928534
0.01,20.05,0.361944,-0.9322
0.01,20.06,0.352604,-0.935773
0.01,20.07,0.343229,-0.939252
0.01,20.08,0.333819,-0.942637
0.01,20.09,0.324376,-0.945928
0.01,20.1,0.314901,-0.949125
0.01,20.11,0.305394,-0.952226
0.01,20.12,0.295857,-0.955232
0.01,20.13,0.28629,-0.958143
0.01,20.14,0.276694,-0.960958
0.01,20.15,0.267071,-0.963677
0.01,20.16,0.257421,-0.966299
0.01,20.17,0.247745,-0.968825
0.01,20.18,0.238045,-0.971254
0.01,20.19,0.22832,-0.973586
0.01,20.2,0.218573,-0.975821
0.01,20.21,0.208804,-0.977957
0.01,20.22,0.199015,-0.979997
0.01,20.23,0.189205,-0.981938
0.01,20.24,0.179376,-0.983781
0.01,20.25,0.16953,-0.985525
0.01,20.26,0.159666,-0.987171
0.01,20.27,0.149786,-0.988718
0.01,20.28,0.139892,-0.990167
0.01,20.29,0.129983,-0.991516
0.01,20.3,0.120062,-0.992766
0.01,20.31,0.110128,-0.993917
0.01,20.32,0.100184,-0.994969
0.01,20.33,0.0902294,-0.995921
0.01,20.34,0.0802658,-0.996773
0.01,20.35,0.0702942,-0.997526
0.01,20.36,0.0603156,-0.998179
0.01,20.37,0.050331,-0.998733
0.01,20.38,0.0403413,-0.999186
0.01,20.39,0.0303476,-0.999539
0.01,20.4,0.0203508,-0.999793
0.01,20.41,0.0103521,-0.999946
0.01,20.42,0.000352249,-1
0.01,20.43,-0.0096476,-0.999953
0.01,20.44,-0.0196465,-0.999807
0.01,20.45,-0.0296434,-0.999561
0.01,20.46,-0.0396374,-0.999214
0.01,20.47,-0.0496274,-0.998768
0.01,20.48,-0.0596124,-0.998222
0.01,20.49,-0.0695915,-0.997576
0.01,20.5,-0.0795636,-0.99683
0.01,20.51,-0.0895277,-0.995984
0.01,20.52,-0.0994829,-0.995039
0.01,20.53,-0.109428,-0.993995
0.01,20.54,-0.119362,-0.992851
0.01,20.55,-0.129285,-0.991607
0.01,20.56,-0.139194,-0.990265
0.01,20.57,-0.14909,-0.988824
0.01,20.58,-0.15897,-0.987283
0.01,20.59,-0.168835,-0.985644
0.01,20.6,-0.178683,-0.983907
0.01,20.61,-0.188513,-0.982071
0.01,20.62,-0.198324,-0.980136
0.01,20.63,-0.208115,-0.978104
0.01,20.64,-0.217886,-0.975974
0.01,20.65,-0.227635,-0.973747
0.01,20.66,-0.23736,-0.971422
0.01,20.67,-0.247063,-0.969
0.01,20.68,-0.25674,-0.96648
0.01,20.69,-0.266392,-0.963865
0.01,20.7,-0.276017,-0.961153
0.01,20.71,-0.285615,-0.958345
0.01,20.72,-0.295184,-0.955441
0.01,20.73,-0.304723,-0.952441
0.01,20.74,-0.314232,-0.949346
0.01,20.75,-0.32371,-0.946156
0.01,20.76,-0.333155,-0.942872
0.01,20.77,-0.342567,-0.939493
0.01,20.78,-0.351945,-0.936021
0.01,20.79,-0.361287,-0.932455
0.01,20.8,-0.370593,-0.928795
0.01,20.81,-0.379863,-0.925043
0.01,20.82,-0.389094,-0.921198
0.01,20.83,-0.398286,-0.917261
0.01,20.84,-0.407439,-0.913233
0.01,20.85,-0.416551,-0.909113
0.01,20.86,-0.425621,-0.904902
0.01,20.87,-0.434648,-0.9006
0.01,20.88,-0.443632,-0.896209
0.01,20.89,-0.452572,-0.891728
0.01,20.9,-0.461467,-0.887158
0.01,20.91,-0.470315,-0.882499
0.01,20.92,-0.479116,-0.877751
0.01,20.93,-0.48787,-0.872916
0.01,20.94,-0.496574,-0.867994
0.01,20.95,-0.505229,-0.862985
0.01,20.96,-0.513834,-0.85789
0.01,20.97,-0.522387,-0.852709
0.01,20.98,-0.530888,-0.847442
0.01,20.99,-0.539335,-0.842091
0.01,21,-0.547729,-0.836656
0.01,21.01,-0.556068,-0.831137
0.01,21.02,-0.564352,-0.825534
0.01,21.03,-0.572579,-0.81985
0.01,21.04,-0.580748,-0.814083
0.01,21.05,-0.58886,-0.808235
0.01,21.06,-0.596913,-0.802306
0.01,21.07,-0.604906,-0.796297
0.01,21.08,-0.612839,-0.790208
0.01,21.09,-0.62071,-0.78404
0.01,21.1,-0.628519,-0.777794
0.01,21.11,-0.636265,-0.77147
0.01,21.12,-0.643948,-0.765069
0.01,21.13,-0.651567,-0.758591
0.01,21.14,-0.65912,-0.752038
0.01,21.15,-0.666607,-0.745409
0.01,21.16,-0.674028,-0.738706
0.01,21.17,-0.681381,-0.731929
0.01,21.18,-0.688666,-0.725079
0.01,21.19,-0.695882,-0.718156
0.01,21.2,-0.703029,-0.711161
0.01,21.21,-0.710105,-0.704095
0.01,21.22,-0.717111,-0.696959
0.01,21.23,-0.724044,-0.689754
0.01,21.24,-0.730905,-0.682479
0.01,21.25,-0.737694,-0.675136
0.01,21.26,-0.744408,-0.667725
0.01,21.27,-0.751048,-0.660248
0.01,21.28,-0.757613,-0.652704
0.01,21.29,-0.764102,-0.645096
0.01,21.3,-0.770514,-0.637423
0.01,21.31,-0.77685,-0.629686
0.01,21.32,-0.783108,-0.621886
0.01,21.33,-0.789287,-0.614024
0.01,21.34,-0.795388,-0.6061
0.01,21.35,-0.801409,-0.598116
0.01,21.36,-0.80735,-0.590072
0.01,21.37,-0.813211,-0.58197
0.01,21.38,-0.818989,-0.573809
0.01,21.39,-0.824687,-0.56559
0.01,21.4,-0.830301,-0.557315
0.01,21.41,-0.835833,-0.548984
0.01,21.42,-0.841281,-0.540599
0.01,21.43,-0.846644,-0.532159
0.01,21.44,-0.851924,-0.523666
0.01,21.45,-0.857118,-0.515121
0.01,21.46,-0.862226,-0.506524
0.01,21.47,-0.867248,-0.497877
0.01,21.48,-0.872183,-0.489179
0.01,21.49,-0.877031,-0.480433
0.01,21.5,-0.881792,-0.471639
0.01,21.51,-0.886464,-0.462798
0.01,21.52,-0.891048,-0.45391
0.01,21.53,-0.895542,-0.444977
0.01,21.54,-0.899947,-0.435999
0.01,21.55,-0.904262,-0.426978
0.01,21.56,-0.908486,-0.417915
0.01,21.57,-0.91262,-0.408809
0.01,21.58,-0.916662,-0.399662
0.01,21.59,-0.920613,-0.390476
0.01,21.6,-0.924472,-0.38125
0.01,21.61,-0.928238,-0.371987
0.01,21.62,-0.931911,-0.362686
0.01,21.63,-0.935492,-0.353349
0.01,21.64,-0.938978,-0.343977
0.01,21.65,-0.942371,-0.33457
0.01,21.66,-0.94567,-0.325129
0.01,21.67,-0.948873,-0.315657
0.01,21.68,-0.951983,-0.306152
0.01,21.69,-0.954996,-0.296617
0.01,21.7,-0.957915,-0.287053
0.01,21.71,-0.960737,-0.277459
0.01,21.72,-0.963464,-0.267838
0.01,21.73,-0.966094,-0.25819
0.01,21.74,-0.968628,-0.248517
0.01,21.75,-0.971064,-0.238818
0.01,21.76,-0.973404,-0.229096
0.01,21.77,-0.975646,-0.21935
0.01,21.78,-0.977791,-0.209583
0.01,21.79,-0.979838,-0.199795
0.01,21.8,-0.981787,-0.189987
0.01,21.81,-0.983637,-0.180159
0.01,21.82,-0.98539,-0.170314
0.01,21.83,-0.987044,-0.160452
0.01,21.84,-0.988599,-0.150574
0.01,21.85,-0.990055,-0.14068
0.01,21.86,-0.991412,-0.130773
0.01,21.87,-0.99267,-0.120852
0.01,21.88,-0.993829,-0.11092
0.01,21.89,-0.994889,-0.100976
0.01,21.9,-0.995849,-0.0910224
0.01,21.91,-0.996709,-0.0810595
0.01,21.92,-0.99747,-0.0710886
0.01,21.93,-0.998131,-0.0611105
0.01,21.94,-0.998692,-0.0511263
0.01,21.95,-0.999154,-0.041137
0.01,21.96,-0.999515,-0.0311435
0.01,21.97,-0.999776,-0.021147
0.01,21.98,-0.999938,-0.0111483
0.01,21.99,-0.999999,-0.00114858
0.01,22,-0.999961,0.00885131
0.01,22.01,-0.999822,0.0188503
0.01,22.02,-0.999584,0.0288474
0.01,22.03,-0.999245,0.0388417
0.01,22.04,-0.998807,0.048832
0.01,22.05,-0.998269,0.0588175
0.01,22.06,-0.997631,0.068797
0.01,22.07,-0.996893,0.0787697
0.01,22.08,-0.996055,0.0887346
0.01,22.09,-0.995118,0.0986905
0.01,22.1,-0.994082,0.108637
0.01,22.11,-0.992945,0.118572
0.01,22.12,-0.99171,0.128495
0.01,22.13,-0.990376,0.138406
0.01,22.14,-0.988942,0.148302
0.01,22.15,-0.98741,0.158184
0.01,22.16,-0.985778,0.16805
0.01,22.17,-0.984049,0.177899
0.01,22.18,-0.982221,0.187731
0.01,22.19,-0.980294,0.197544
0.01,22.2,-0.97827,0.207336
0.01,22.21,-0.976147,0.217109
0.01,22.22,-0.973928,0.226859
0.01,22.23,-0.97161,0.236587
0.01,22.24,-0.969196,0.246291
0.01,22.25,-0.966685,0.25597
0.01,22.26,-0.964077,0.265624
0.01,22.27,-0.961372,0.275252
0.01,22.28,-0.958572,0.284851
0.01,22.29,-0.955675,0.294423
0.01,22.3,-0.952683,0.303965
0.01,22.31,-0.949596,0.313476
0.01,22.32,-0.946414,0.322956
0.01,22.33,-0.943137,0.332404
0.01,22.34,-0.939766,0.341819
0.01,22.35,-0.936301,0.351199
0.01,22.36,-0.932742,0.360544
0.01,22.37,-0.92909,0.369854
0.01,22.38,-0.925345,0.379126
0.01,22.39,-0.921508,0.38836
0.01,22.4,-0.917578,0.397556
0.01,22.41,-0.913557,0.406711
0.01,22.42,-0.909444,0.415827
0.01,22.43,-0.90524,0.4249
0.01,22.44,-0.900946,0.433931
0.01,22.45,-0.896562,0.442919
0.01,22.46,-0.892088,0.451862
0.01,22.47,-0.887525,0.46076
0.01,22.48,-0.882873,0.469612
0.01,22.49,-0.878133,0.478417
0.01,22.5,-0.873305,0.487175
0.01,22.51,-0.868389,0.495883
0.01,22.52,-0.863387,0.504542
0.01,22.53,-0.858299,0.513151
0.01,22.54,-0.853124,0.521708
0.01,22.55,-0.847865,0.530213
0.01,22.56,-0.84252,0.538665
0.01,22.57,-0.837092,0.547063
0.01,22.58,-0.831579,0.555406
0.01,22.59,-0.825984,0.563694
0.01,22.6,-0.820305,0.571926
0.01,22.61,-0.814545,0.5801
0.01,22.62,-0.808704,0.588216
0.01,22.63,-0.802781,0.596274
0.01,22.64,-0.796778,0.604272
0.01,22.65,-0.790696,0.612209
0.01,22.66,-0.784534,0.620085
0.01,22.67,-0.778294,0.6279
0.01,22.68,-0.771977,0.635651
0.01,22.69,-0.765582,0.643339
0.01,22.7,-0.75911,0.650962
0.01,22.71,-0.752563,0.658521
0.01,22.72,-0.74594,0.666013
0.01,22.73,-0.739243,0.673439
0.01,22.74,-0.732471,0.680798
0.01,22.75,-0.725627,0.688088
0.01,22.76,-0.71871,0.69531
0.01,22.77,-0.711721,0.702462
0.01,22.78,-0.704661,0.709544
0.01,22.79,-0.69753,0.716555
0.01,22.8,-0.69033,0.723495
0.01,22.81,-0.683061,0.730362
0.01,22.82,-0.675723,0.737156
0.01,22.83,-0.668318,0.743876
0.01,22.84,-0.660846,0.750522
0.01,22.85,-0.653307,0.757093
0.01,22.86,-0.645704,0.763588
0.01,22.87,-0.638036,0.770007
0.01,22.88,-0.630304,0.776348
0.01,22.89,-0.622509,0.782612
0.01,22.9,-0.614652,0.788798
0.01,22.91,-0.606734,0.794905
0.01,22.92,-0.598754,0.800933
0.01,22.93,-0.590715,0.80688
0.01,22.94,-0.582617,0.812747
0.01,22.95,-0.574461,0.818532
0.01,22.96,-0.566247,0.824236
0.01,22.97,-0.557976,0.829857
0.01,22.98,-0.54965,0.835395
0.01,22.99,-0.541268,0.84085
0.01,23,-0.532833,0.84622
0.01,23.01,-0.524344,0.851506
0.01,23.02,-0.515803,0.856707
0.01,23.03,-0.50721,0.861822
0.01,23.04,-0.498567,0.866851
0.01,23.05,-0.489874,0.871793
0.01,23.06,-0.481131,0.876648
0.01,23.07,-0.472341,0.881416
0.01,23.08,-0.463503,0.886095
0.01,23.09,-0.454619,0.890686
0.01,23.1,-0.44569,0.895187
0.01,23.11,-0.436716,0.899599
0.01,23.12,-0.427698,0.903922
0.01,23.13,-0.418638,0.908153
0.01,23.14,-0.409536,0.912294
0.01,23.15,-0.400392,0.916344
0.01,23.16,-0.391209,0.920302
0.01,23.17,-0.381987,0.924168
0.01,23.18,-0.372726,0.927941
0.01,23.19,-0.363428,0.931622
0.01,23.2,-0.354094,0.93521
0.01,23.21,-0.344724,0.938704
0.01,23.22,-0.33532,0.942104
0.01,23.23,-0.325882,0.94541
0.01,23.24,-0.316412,0.948622
0.01,23.25,-0.30691,0.951738
0.01,23.26,-0.297378,0.95476
0.01,23.27,-0.287815,0.957686
0.01,23.28,-0.278224,0.960516
0.01,23.29,-0.268605,0.96325
0.01,23.3,-0.25896,0.965888
0.01,23.31,-0.249288,0.968429
0.01,23.32,-0.239591,0.970874
0.01,23.33,-0.229871,0.973221
0.01,23.34,-0.220127,0.975471
0.01,23.35,-0.210362,0.977624
0.01,23.36,-0.200575,0.979678
0.01,23.37,-0.190768,0.981635
0.01,23.38,-0.180943,0.983494
0.01,23.39,-0.171099,0.985254
0.01,23.4,-0.161238,0.986916
0.01,23.41,-0.151361,0.988479
0.01,23.42,-0.141469,0.989943
0.01,23.43,-0.131562,0.991308
0.01,23.44,-0.121643,0.992574
0.01,23.45,-0.111711,0.993741
0.01,23.46,-0.101768,0.994808
0.01,23.47,-0.0918154,0.995776
0.01,23.48,-0.0818532,0.996644
0.01,23.49,-0.0718829,0.997413
0.01,23.5,-0.0619053,0.998082
0.01,23.51,-0.0519215,0.998651
0.01,23.52,-0.0419326,0.99912
0.01,23.53,-0.0319395,0.99949
0.01,23.54,-0.0219431,0.999759
0.01,23.55,-0.0119446,0.999929
0.01,23.56,-0.0019449,0.999998
0.01,23.57,0.00805501,0.999968
0.01,23.58,0.0180541,0.999837
0.01,23.59,0.0280514,0.999606
0.01,23.6,0.0380459,0.999276
0.01,23.61,0.0480366,0.998846
0.01,23.62,0.0580225,0.998315
0.01,23.63,0.0680026,0.997685
0.01,23.64,0.0779759,0.996955
0.01,23.65,0.0879413,0.996126
0.01,23.66,0.097898,0.995196
0.01,23.67,0.107845,0.994168
0.01,23.68,0.117781,0.99304
0.01,23.69,0.127705,0.991812
0.01,23.7,0.137617,0.990486
0.01,23.71,0.147515,0.98906
0.01,23.72,0.157398,0.987535
0.01,23.73,0.167265,0.985912
0.01,23.74,0.177116,0.98419
0.01,23.75,0.186949,0.98237
0.01,23.76,0.196763,0.980451
0.01,23.77,0.206557,0.978434
0.01,23.78,0.216331,0.97632
0.01,23.79,0.226083,0.974108
0.01,23.8,0.235813,0.971798
0.01,23.81,0.245519,0.969392
0.01,23.82,0.255201,0.966888
0.01,23.83,0.264856,0.964288
0.01,23.84,0.274486,0.961591
0.01,23.85,0.284088,0.958798
0.01,23.86,0.293662,0.955909
0.01,23.87,0.303206,0.952925
0.01,23.88,0.31272,0.949845
0.01,23.89,0.322202,0.946671
0.01,23.9,0.331653,0.943401
0.01,23.91,0.34107,0.940038
0.01,23.92,0.350453,0.93658
0.01,23.93,0.359801,0.933029
0.01,23.94,0.369114,0.929384
0.01,23.95,0.378389,0.925647
0.01,23.96,0.387626,0.921817
0.01,23.97,0.396825,0.917894
0.01,23.98,0.405984,0.91388
0.01,23.99,0.415102,0.909775
0.01,24,0.424179,0.905578
0.01,24.01,0.433213,0.901291
0.01,24.02,0.442205,0.896914
0.01,24.03,0.451151,0.892447
0.01,24.04,0.460053,0.887891
0.01,24.05,0.468909,0.883247
0.01,24.06,0.477718,0.878513
0.01,24.07,0.486479,0.873692
0.01,24.08,0.495191,0.868784
0.01,24.09,0.503854,0.863789
0.01,24.1,0.512467,0.858707
0.01,24.11,0.521028,0.853539
0.01,24.12,0.529537,0.848287
0.01,24.13,0.537994,0.842949
0.01,24.14,0.546396,0.837527
0.01,24.15,0.554744,0.832021
0.01,24.16,0.563036,0.826432
0.01,24.17,0.571272,0.820761
0.01,24.18,0.579451,0.815007
0.01,24.19,0.587572,0.809172
0.01,24.2,0.595634,0.803256
0.01,24.21,0.603637,0.797259
0.01,24.22,0.611579,0.791183
0.01,24.23,0.61946,0.785028
0.01,24.24,0.62728,0.778794
0.01,24.25,0.635036,0.772483
0.01,24.26,0.642729,0.766094
0.01,24.27,0.650358,0.759628
0.01,24.28,0.657921,0.753087
0.01,24.29,0.665419,0.74647
0.01,24.3,0.67285,0.739779
0.01,24.31,0.680214,0.733013
0.01,24.32,0.68751,0.726175
0.01,24.33,0.694738,0.719263
0.01,24.34,0.701895,0.71228
0.01,24.35,0.708983,0.705226
0.01,24.36,0.716,0.698101
0.01,24.37,0.722945,0.690906
0.01,24.38,0.729818,0.683642
0.01,24.39,0.736617,0.67631
0.01,24.4,0.743344,0.66891
0.01,24.41,0.749995,0.661443
0.01,24.42,0.756572,0.65391
0.01,24.43,0.763073,0.646312
0.01,24.44,0.769498,0.638649
0.01,24.45,0.775846,0.630922
0.01,24.46,0.782116,0.623132
0.01,24.47,0.788309,0.61528
0.01,24.48,0.794422,0.607366
0.01,24.49,0.800456,0.599392
0.01,24.5,0.806409,0.591358
0.01,24.51,0.812283,0.583264
0.01,24.52,0.818075,0.575112
0.01,24.53,0.823785,0.566903
0.01,24.54,0.829412,0.558637
0.01,24.55,0.834957,0.550315
0.01,24.56,0.840419,0.541938
0.01,24.57,0.845796,0.533507
0.01,24.58,0.851089,0.525022
0.01,24.59,0.856296,0.516485
0.01,24.6,0.861418,0.507897
0.01,24.61,0.866454,0.499257
0.01,24.62,0.871403,0.490568
0.01,24.63,0.876265,0.481829
0.01,24.64,0.881039,0.473043
0.01,24.65,0.885726,0.464209
0.01,24.66,0.890323,0.455329
0.01,24.67,0.894832,0.446403
0.01,24.68,0.899251,0.437432
0.01,24.69,0.903581,0.428418
0.01,24.7,0.90782,0.419361
0.01,24.71,0.911968,0.410262
0.01,24.72,0.916025,0.401122
0.01,24.73,0.91999,0.391942
0.01,24.74,0.923863,0.382722
0.01,24.75,0.927644,0.373465
0.01,24.76,0.931333,0.36417
0.01,24.77,0.934928,0.354838
0.01,24.78,0.938429,0.345472
0.01,24.79,0.941837,0.33607
0.01,24.8,0.945151,0.326635
0.01,24.81,0.94837,0.317167
0.01,24.82,0.951494,0.307668
0.01,24.83,0.954523,0.298138
0.01,24.84,0.957456,0.288578
0.01,24.85,0.960294,0.278989
0.01,24.86,0.963036,0.269372
0.01,24.87,0.965682,0.259729
0.01,24.88,0.968231,0.250059
0.01,24.89,0.970683,0.240364
0.01,24.9,0.973038,0.230646
0.01,24.91,0.975296,0.220904
0.01,24.92,0.977456,0.21114
0.01,24.93,0.979518,0.201355
0.01,24.94,0.981483,0.19155
0.01,24.95,0.983349,0.181726
0.01,24.96,0.985117,0.171883
0.01,24.97,0.986787,0.162024
0.01,24.98,0.988358,0.152148
0.01,24.99,0.98983,0.142257
0.01,25,0.991203,0.132352
0.01,25.01,0.992477,0.122433
0.01,25.02,0.993651,0.112503
0.01,25.03,0.994727,0.102561
0.01,25.04,0.995703,0.0926083
0.01,25.05,0.996579,0.0826469
0.01,25.06,0.997356,0.0726771
0.01,25.07,0.998032,0.0627001
0.01,25.08,0.99861,0.0527168
0.01,25.09,0.999087,0.0427282
0.01,25.1,0.999464,0.0327354
0.01,25.11,0.999741,0.0227393
0.01,25.12,0.999919,0.0127409
0.01,25.13,0.999996,0.00274123
